accX[g],accY[g],accZ[g]
-0.096,0.109,-1.065
-0.071,0.18,-0.967
-0.065,0.392,-1.103
-0.293,0.489,-1.401
1.912,1.841,-0.512
0.057,-0.728,0.843
0.179,-0.327,0.412
0.482,1.444,-1.182
1.286,-0.211,-0.973
-0.482,-1.204,-1.987
0.019,0.781,0.081
0.255,1.997,0.636
0.488,0.254,-0.486
-0.236,-1.998,-1.997
0.156,-0.027,-1.631
-0.034,1.997,0.589
0.219,1.632,0.809
-1.023,-0.919,-1.959
-0.438,-1.998,-1.21
0.238,1.414,-0.702
0.107,1.898,0.652
-0.345,0.705,-1.095
-0.184,-1.998,-1.714
-0.108,-1.457,-0.381
0.412,1.997,0.132
0.218,1.466,0.664
-0.709,-1.066,-1.954
-0.461,-1.998,-1.09
0.172,1.35,-0.562
0.112,1.997,0.406
-0.245,0.8,-0.933
-0.079,-1.998,-1.93
-0.286,-1.442,-0.979
1.386,1.981,0.132
0.74,1.814,0.781
0.947,0.87,-0.449
-0.334,-1.998,-1.997
0.372,-1.789,-1.149
0.621,0.798,-0.427
0.433,1.885,1.189
0.416,1.199,0.017
-0.132,-1.998,-1.957
-0.233,-1.998,-1.944
0.218,0.081,-0.782
0.626,1.499,0.498
0.181,1.764,0.56
0.658,0.28,-0.885
-0.238,-1.998,-1.997
0.208,-1.162,-1.038
-0.204,0.926,-0.395
-0.217,1.647,0.377
0.271,0.469,-1.018
-1.021,-1.998,-1.984
-0.511,-0.824,-0.734
0.713,1.995,0.281
0.017,1.997,0.207
-0.168,1.158,-0.52
-1.512,-1.977,-1.657
-0.806,-1.86,-0.951
-0.594,0.279,-0.268
0.107,1.997,-0.283
0.009,1.51,-0.647
-1.597,-0.777,-0.907
-1.535,-1.998,-0.549
-1.25,-0.336,-0.855
-0.531,0.834,-0.561
0.037,1.997,-0.568
-0.66,0.627,-0.272
-1.93,-1.998,0.122
-1.435,-1.234,0.01
-0.708,0.848,0.117
-0.511,1.997,-0.332
-1.131,0.622,-0.15
-1.1,-1.982,0.385
-1.13,-1.475,0.364
-0.729,0.998,0.11
-0.527,1.997,-0.152
-1.209,1.028,-0.423
-1.105,-1.998,0.371
-0.951,-1.335,0.216
-0.823,1.108,0.101
-1.046,1.997,-0.175
-1.728,0.481,-0.006
-1.493,-1.998,0.444
-1.085,-1.279,-0.044
-0.764,1.24,-0.4
-0.607,1.997,-0.606
-0.932,0.933,-0.759
-0.885,-1.998,0.326
-0.376,-1.998,0.032
-0.623,0.075,-0.873
-0.356,1.822,-0.911
0.192,1.949,-0.869
0.776,-0.431,0.49
0.142,-1.998,-0.194
0.094,-1.545,-0.418
0.62,1.406,-1.213
0.413,1.903,-0.95
0.561,0.968,-0.033
1.972,-1.577,-0.144
0.161,-1.998,0.373
0.429,-0.957,0.236
0.373,1.358,-0.559
0.757,1.997,-0.493
1.997,0.136,-0.044
-0.296,-1.998,0.996
0.238,-1.073,0.344
0.466,1.579,-0.525
0.873,1.997,-0.801
1.695,1.142,-0.402
-0.645,-1.996,-0.292
0.399,-1.971,0.578
0.577,1.039,-0.013
0.972,1.997,-1.274
1.595,1.115,-0.498
-1.105,-1.994,0.136
0.226,-1.761,1.036
0.435,1.161,0.252
1.084,1.997,-0.049
0.499,0.829,-0.905
-0.439,-1.998,-0.121
-0.113,-1.998,-0.203
0.58,-0.353,-0.602
0.533,1.681,-0.789
0.631,1.551,0.195
-1.408,-1.917,-1.1
-0.713,-1.998,0.048
0.034,-0.953,-0.19
0.169,1.969,-1.001
-0.014,1.938,-0.702
-0.034,0.051,0.0
-0.776,-1.998,0.155
-0.343,-1.998,0.087
-0.062,0.734,-0.827
-0.361,1.718,-1.069
0.002,1.067,-0.752
-0.297,-1.998,-0.464
-0.318,-1.998,0.666
0.087,-0.065,-0.509
-0.253,1.997,-1.056
0.048,1.997,-1.152
0.512,-0.612,0.016
-0.655,-1.998,-0.203
-0.102,-1.481,-0.06
0.455,1.992,-0.8
0.419,1.997,-1.276
0.652,-0.09,-0.721
-0.181,-1.998,-0.939
-0.144,-1.88,-0.424
0.3,0.764,-0.344
0.788,1.996,-0.571
0.48,1.994,-1.246
1.09,-1.168,-0.564
-0.096,-1.998,-0.141
0.081,-0.711,-0.571
0.114,1.643,-0.894
-0.64,1.992,-0.88
-0.655,1.119,-1.037
-0.3,-1.993,-0.614
0.169,-1.615,-0.696
-0.126,0.12,-0.869
0.24,1.125,-0.546
0.211,1.997,-0.892
0.386,1.045,-0.919
-0.359,-1.998,0.103
-0.405,-1.806,-0.619
-0.251,0.567,-1.396
-0.038,1.997,-1.326
0.157,1.997,-0.826
0.242,-1.636,1.626
-0.641,-1.998,-0.176
-0.469,-1.993,-0.532
0.094,0.793,-1.113
0.821,1.997,-0.719
0.305,1.997,-0.584
-0.604,-1.99,0.56
-0.754,-1.998,-0.493
-0.619,-1.928,-0.356
0.062,1.903,-0.394
0.018,1.997,-1.347
0.381,1.765,0.098
-1.062,-1.998,-0.415
-0.995,-1.998,-0.334
-0.476,-1.297,-0.153
-0.299,1.997,-0.647
0.31,1.997,-0.838
0.352,0.196,0.47
-0.328,-1.998,-0.287
-0.876,-1.998,-0.199
0.033,-0.106,-0.07
0.387,1.997,-0.783
0.373,1.997,-0.592
0.776,-0.486,0.736
-0.072,-1.998,0.306
-0.337,-1.948,0.103
0.247,0.014,-0.536
-0.202,1.768,-1.689
-0.09,-0.252,-1.519
-0.315,-1.998,-0.187
0.006,-0.468,-0.645
0.535,1.997,-1.997
0.272,1.936,-1.667
-1.089,-1.991,-0.654
-0.523,-1.998,0.509
0.175,-0.374,-0.243
0.562,1.997,-1.307
0.085,1.997,-1.715
-0.364,0.381,-0.427
-0.619,-1.998,0.878
-0.245,-1.643,0.093
0.295,1.827,-0.967
-0.167,1.997,-1.721
-0.752,1.594,-1.195
-1.589,-1.998,0.896
-1.127,-1.998,0.388
-0.231,-1.071,-0.764
-0.13,0.164,-0.744
-0.102,1.736,-1.169
-0.074,0.684,-0.577
0.206,-1.998,1.934
-0.05,-1.998,0.562
0.196,0.121,-0.339
0.787,1.993,-0.896
1.065,1.997,-0.264
1.185,-0.302,0.988
-0.071,-1.998,1.844
0.805,-0.981,-0.57
1.068,1.079,-1.159
1.189,1.811,-0.649
1.506,0.317,0.947
0.625,-1.998,1.974
0.475,-1.983,0.346
0.84,0.616,-1.134
1.168,1.997,-1.468
0.642,1.312,-0.375
1.156,-1.719,1.822
0.148,-1.998,1.604
0.488,-0.221,-0.309
0.998,1.546,-1.578
0.336,1.956,-1.813
-0.104,0.414,-0.524
-0.62,-1.998,1.596
-0.801,-1.998,0.986
0.524,0.207,-0.94
0.271,1.536,-1.677
0.08,1.373,-1.022
-0.516,-0.559,-0.31
-1.356,-1.998,1.705
-0.448,-1.625,0.307
0.477,1.349,-1.154
0.038,1.552,-0.825
-0.612,0.94,-0.523
-1.66,-1.998,0.998
-1.41,-1.998,1.66
-0.666,-0.184,-0.238
0.156,1.413,-1.104
-0.172,1.666,-1.057
-0.811,0.721,-0.474
-1.936,-1.998,1.998
-1.058,-1.873,0.749
-0.445,0.932,-1.099
-0.057,1.466,-1.13
-0.605,0.607,-0.601
-1.848,-1.998,1.455
-1.03,-1.998,1.511
-0.18,0.497,-0.09
0.172,1.894,-1.276
-0.66,0.794,-0.902
-1.549,-1.997,-0.543
-0.988,-1.998,0.574
0.055,-0.034,1.373
0.545,1.745,0.654
-0.394,1.274,0.123
-0.344,1.231,-0.915
-0.448,-0.451,-1.997
-0.825,-1.862,-1.104
-0.118,-0.025,-0.098
0.407,1.901,-0.042
0.653,1.991,0.844
0.122,0.015,-1.031
0.038,-1.998,-1.421
0.37,-0.746,-0.462
0.459,1.938,-0.418
0.012,1.997,0.404
-0.36,0.135,-0.807
0.103,-1.998,-1.997
0.159,-1.774,-0.457
0.324,1.048,-0.769
1.225,1.996,0.774
0.374,1.662,-0.097
-1.038,-1.433,-1.667
0.036,-1.998,-0.903
0.161,-0.002,-0.782
0.677,1.996,-0.301
0.075,1.951,-0.135
0.062,-0.186,-0.99
-0.004,-1.998,-1.947
-0.433,-1.47,-0.617
-0.273,0.981,-0.726
0.747,1.996,0.274
0.437,1.732,-0.324
0.623,-1.487,-1.153
0.308,-1.998,-0.549
-0.693,0.04,-0.387
-0.633,0.962,-0.117
-0.481,1.052,-0.33
-1.127,-1.528,-1.351
-1.106,-1.138,-0.044
-0.473,1.997,0.479
-0.239,1.992,-0.455
-0.433,-1.234,-0.906
-1.504,-1.213,-0.081
-0.763,1.88,-0.177
-1.368,-0.104,-1.509
-0.803,-1.924,0.457
-0.872,1.97,-0.494
-1.214,-1.584,-1.569
-0.559,-0.088,0.527
-1.526,1.415,-0.252
-1.227,-1.974,-0.229
-0.96,1.392,0.248
-1.073,0.297,-1.211
-1.159,-1.426,0.642
-0.978,1.58,-0.564
-1.682,-1.923,-0.881
-1.686,-0.577,-0.257
-1.411,0.114,-0.974
-1.2,-0.046,-0.14
-0.681,0.953,-0.236
-0.536,0.46,-1.039
0.534,-1.394,-1.758
-0.382,-1.998,-0.424
0.3,1.643,0.742
0.969,1.811,-0.078
-0.315,-1.998,-1.65
-0.247,0.1,1.203
0.586,1.997,-0.029
1.642,-1.99,-0.549
0.914,0.617,1.193
1.86,0.549,-1.99
0.457,-1.471,0.168
0.545,1.499,-0.065
1.427,-1.093,-1.409
0.509,-0.385,0.447
1.575,1.9,0.151
-0.273,-1.998,-1.036
0.669,-0.108,-0.348
0.346,0.325,-0.843
0.337,0.334,-0.541
0.049,0.195,-1.17
0.364,-0.432,-1.955
-0.314,0.487,-0.368
-1.192,1.948,-0.002
-0.302,-1.024,-1.997
1.997,-1.998,-0.119
-0.434,1.073,0.842
-1.998,1.997,0.056
1.542,-0.961,-1.835
1.997,-1.738,-0.142
1.033,-0.542,-0.653
-1.998,1.383,-0.757
-1.998,1.049,-1.308
1.591,-0.822,-0.832
1.997,0.242,-0.425
0.23,-1.959,-1.477
-1.998,1.375,-1.851
-1.866,-0.342,-0.392
1.997,0.608,-0.536
1.997,-0.989,-0.137
-1.895,-0.173,-1.723
-1.998,0.976,-0.487
0.772,-0.537,-0.864
1.997,0.793,-0.619
1.509,-1.738,-0.419
-1.998,1.129,-1.762
-1.998,-0.356,-0.489
1.997,0.233,-0.758
1.994,-0.575,0.114
-1.998,0.886,-1.997
-1.998,0.609,-1.539
1.302,-1.087,-1.055
1.997,-0.406,0.672
0.004,-0.273,1.077
-1.97,1.498,-0.801
-1.081,0.676,-1.997
1.431,-1.39,-1.938
0.13,-0.319,-1.722
-0.634,-0.354,-0.846
-1.44,-0.172,1.255
-0.088,0.305,0.968
1.862,-0.159,0.342
1.997,-1.447,-1.074
1.031,-0.828,-1.131
-0.526,0.198,0.477
-0.786,0.613,0.975
1.943,-0.012,0.68
1.997,-1.061,-0.642
0.736,-1.84,-0.683
-0.643,0.348,0.834
-0.492,0.29,1.124
1.012,-0.384,0.683
0.874,-0.698,-0.143
0.493,-0.565,-1.694
0.87,-0.894,-1.997
1.129,-0.925,-1.997
0.619,-0.77,-0.864
-0.293,-0.284,1.92
0.099,0.839,1.02
0.639,-0.172,-1.627
-0.563,-1.665,-1.997
0.098,-0.38,-1.47
-0.103,0.59,1.341
0.172,1.008,0.749
-0.558,-1.925,-1.865
-0.518,-0.976,-1.997
-0.214,-0.199,-1.548
-0.062,0.566,1.147
0.472,0.639,0.952
-0.917,-1.581,-1.947
-0.406,-0.868,-1.997
0.041,-0.032,-0.748
-0.082,0.521,1.246
0.207,0.246,0.405
-0.722,-1.587,-1.997
-0.087,-0.792,-1.997
-0.046,-0.099,-0.251
0.102,0.568,1.279
0.183,0.345,0.641
-0.884,-1.859,-1.997
-0.088,-0.632,-1.953
0.189,0.893,0.003
0.241,0.683,-0.314
-1.275,-0.366,-0.841
-1.465,-0.161,-1.018
-0.966,-0.04,-0.45
0.201,-0.398,0.625
-0.298,-0.228,-0.137
-1.9,0.247,-0.296
-1.998,0.726,-0.853
-1.546,-0.71,-0.765
1.39,-0.659,-0.082
-0.377,-0.475,-0.135
-1.998,0.363,-0.228
-1.898,-0.267,-1.067
-0.742,-0.248,-1.009
0.075,0.122,0.003
-0.715,-0.277,-0.056
-1.22,-0.285,-0.545
-0.978,0.053,-1.153
-0.494,0.012,-1.116
0.177,0.29,-1.004
0.925,-0.348,-0.54
0.61,-0.696,-0.384
-0.843,0.526,-1.04
-1.998,0.295,-1.526
0.647,-0.044,-1.405
1.997,-0.606,-0.179
1.66,-0.951,-0.372
-1.998,0.89,-1.468
-1.998,-0.039,-0.886
1.99,-0.221,-1.444
1.997,-0.327,-0.238
-1.069,-0.447,-1.334
-1.998,0.834,-0.933
-0.707,-0.751,-0.989
1.997,0.623,-0.36
1.587,-1.269,-0.373
-1.998,1.036,-1.94
-1.998,0.354,-0.366
1.97,-0.359,-1.24
1.997,-0.032,0.049
-1.735,-0.923,-0.442
-1.998,0.788,-1.009
-0.814,0.362,-0.642
1.437,0.265,-0.963
1.671,-0.972,0.824
-1.62,-1.913,-1.713
-1.738,-0.203,-1.738
-0.917,-0.067,-1.245
0.643,-0.558,-1.395
0.502,-1.657,0.34
-0.573,0.193,-1.222
-0.415,0.041,-1.487
0.315,-1.383,-0.661
-0.898,-1.012,0.286
-0.37,1.168,-0.1
0.069,1.987,-1.598
0.942,-0.077,-1.997
1.136,-1.336,-1.513
-0.456,-1.998,0.157
-0.868,-0.999,0.916
-1.998,0.814,-0.69
-0.777,1.318,-1.997
1.087,0.54,-1.997
1.966,-0.933,-1.953
0.85,-1.998,-0.902
-1.113,-1.427,1.146
-1.998,0.802,-0.452
-0.658,1.997,-1.942
1.96,-0.045,-1.997
1.896,-1.481,-1.997
0.766,-1.998,-0.849
-1.407,-0.141,0.821
-1.998,0.617,-0.679
0.344,0.867,-1.993
1.997,-0.384,-1.822
1.997,-1.748,-1.684
-0.543,-1.846,0.232
-1.856,0.785,0.182
-1.998,1.368,-1.468
1.043,0.322,-1.997
1.997,-1.271,-1.248
0.902,-1.998,0.062
-0.048,-0.742,0.065
-1.916,1.857,-1.362
-0.643,1.939,-1.997
0.357,0.026,-1.997
-0.671,-0.538,-1.164
-0.678,-1.617,0.073
0.433,-1.557,0.376
1.996,-0.681,-0.238
1.95,-0.532,-1.949
-0.869,0.359,-1.997
-1.625,0.038,-1.622
-1.277,-0.555,0.402
-0.148,-0.471,0.502
1.973,-0.98,0.32
1.06,-0.316,-1.997
0.263,0.881,-1.997
-1.947,-0.007,-1.984
-1.428,-0.678,0.043
-0.377,-1.211,1.141
1.169,-0.836,0.68
1.994,0.172,-0.704
1.053,-0.356,-1.997
-0.647,-0.556,-1.997
-1.998,-0.004,-0.723
-0.793,-1.067,1.234
0.054,-0.902,0.818
1.081,0.029,0.194
1.657,-0.326,-1.997
0.274,-1.014,-1.997
-0.236,0.096,-1.886
-1.038,-0.671,-0.703
-0.819,-1.555,0.816
-0.135,-0.102,-0.277
0.926,0.887,-1.991
0.937,-0.306,-1.997
0.453,-0.599,-1.617
-0.427,-1.581,0.025
-0.682,-1.78,1.765
-0.347,0.954,-0.961
-0.257,0.833,-1.997
0.177,-0.786,-1.997
-0.115,-0.772,-0.961
-0.265,-1.998,0.496
-0.287,-0.614,0.553
-0.32,1.997,-1.295
-0.266,-0.031,-1.997
0.426,-0.626,-1.766
-0.139,-1.998,-0.016
-0.351,-0.715,0.739
-0.5,1.994,-0.991
-0.863,1.339,-1.997
0.448,-0.337,-1.995
0.523,-1.867,-1.057
-0.766,-1.824,1.237
-0.313,1.136,0.189
-1.98,1.645,-1.507
-0.956,0.087,-1.997
1.167,-0.549,-1.433
1.818,-1.027,-0.92
1.14,-1.559,-0.714
-0.201,-0.564,-0.63
-1.259,0.819,-0.176
-1.823,1.997,-0.862
-0.83,0.266,-1.898
0.266,-1.766,-1.584
1.932,-1.264,-0.852
0.846,-0.54,0.744
-0.741,1.167,0.319
-1.998,0.449,-1.482
-1.998,-0.247,-1.997
0.997,-0.095,-1.11
1.332,-0.909,-0.149
-0.448,-0.706,-0.053
-1.998,1.074,-0.709
-1.998,0.71,-1.165
0.319,0.132,-1.329
1.568,-1.031,-0.41
-1.031,-0.915,-0.585
-1.996,0.947,-0.534
-1.998,1.083,-0.527
-0.212,0.432,-0.663
0.566,0.021,-0.691
-0.69,-0.4,-1.56
-0.496,-0.316,-1.257
-0.02,-0.162,-1.713
-0.93,-0.336,-1.19
-0.508,0.085,0.43
0.032,0.297,1.369
0.919,0.474,0.007
-1.032,-1.086,-1.997
0.187,-0.741,-1.997
1.284,-0.408,-0.901
0.232,-0.775,1.304
-0.365,-0.212,1.192
0.465,0.507,-1.102
-0.588,-1.709,-1.997
1.345,-0.539,-1.997
0.884,-0.384,0.657
-0.166,-0.243,1.93
0.747,-0.042,0.195
-1.145,-0.504,-1.997
0.578,-0.619,-1.997
1.35,-0.221,-0.329
1.132,-0.47,1.127
0.104,-0.321,1.1
-0.442,-0.202,-1.353
-0.823,-0.004,-1.997
0.684,-0.445,-1.997
0.682,-0.092,-0.438
0.685,-0.805,0.595
-0.176,-0.689,0.677
-0.931,0.527,-0.695
-1.445,0.334,-1.997
-0.735,-0.454,-1.997
0.612,-0.816,0.336
0.226,-0.194,-1.324
-0.612,-0.831,1.207
-1.284,0.677,-0.442
-1.927,-0.3,-1.997
-0.719,0.239,-1.989
0.204,-0.003,-0.365
-0.022,-0.999,0.667
-1.064,-0.391,0.592
-1.567,0.543,-1.924
-1.463,0.342,-1.997
-0.66,0.463,-1.607
0.342,-0.585,0.182
-0.541,-0.964,0.65
-0.92,0.512,-0.137
-1.397,0.401,-1.997
-0.546,-0.184,-1.814
0.004,-0.303,-0.346
-0.394,-0.826,0.432
-0.347,0.1,0.339
-0.444,0.718,-1.997
-0.508,-0.602,-1.997
-0.362,0.154,-1.095
0.092,-0.678,0.595
-0.024,-0.197,0.559
0.599,0.792,-1.318
0.155,-0.761,-1.997
-0.301,-0.478,-1.997
-0.421,-0.141,-0.708
-0.257,-0.41,0.465
-0.445,0.313,0.971
-0.181,1.002,0.318
-0.449,0.125,-0.912
-1.104,-0.694,-1.404
-0.516,-0.488,-1.85
0.009,-0.68,-1.655
-0.125,-0.594,-1.447
0.034,-0.414,-0.446
0.081,-0.373,-0.094
-0.461,-0.315,-1.034
-0.063,-0.735,-1.997
1.161,-1.45,-1.997
0.415,-1.327,-1.544
-0.916,-1.084,-0.605
-1.361,-0.413,0.292
-0.81,0.407,0.429
-1.998,0.965,-1.019
-1.859,-0.517,-1.707
0.42,-1.563,-1.363
0.99,-1.508,-0.953
1.33,-1.812,-0.867
1.78,-1.119,-0.89
-0.229,-1.488,-1.833
-1.815,-1.416,-1.18
-1.894,0.419,-0.35
-1.473,0.786,-0.484
-1.513,-0.591,-1.138
-0.628,-1.889,-1.36
1.141,-1.928,-0.853
1.654,-1.421,-1.095
1.283,-1.373,-1.132
0.0,-1.846,-1.304
-1.646,-1.852,-1.163
-1.702,0.178,-0.126
-1.779,1.253,-0.11
-1.998,0.294,-0.742
-1.088,-1.613,-1.521
0.399,-1.998,-1.156
1.306,-1.98,-1.251
1.786,-1.073,-0.707
0.919,-1.534,-0.823
-1.271,-1.952,-1.728
-1.502,-1.018,-0.473
-1.137,0.896,-0.464
-0.879,1.069,-0.398
-0.917,0.276,-1.617
-0.796,-1.36,-1.997
-0.753,-1.998,-1.997
-0.053,-1.814,-1.59
1.127,-1.316,0.775
1.58,-0.142,1.562
0.292,0.18,0.551
-1.053,0.232,-0.327
-1.998,0.383,-0.972
-1.998,0.194,-1.979
-1.486,0.085,-1.036
0.789,-0.287,0.051
1.979,-1.315,1.324
0.16,-0.388,-0.114
-1.991,0.764,-0.307
-1.998,0.03,-1.758
-1.998,-0.277,-1.424
-0.581,-0.418,-0.173
1.91,-0.463,0.409
0.88,-0.905,0.532
-1.099,-0.219,0.442
-1.998,0.465,-1.807
-1.998,0.093,-1.997
-1.34,0.09,-1.043
0.821,-0.177,-0.201
1.08,-1.121,0.19
0.172,-0.739,0.826
-1.998,0.527,-1.997
-1.998,0.956,-1.125
-1.891,-0.054,-1.803
-0.471,-0.336,-0.432
0.875,-0.418,0.095
-0.536,-0.42,0.022
-1.291,1.213,-0.907
-1.024,0.68,-1.997
-0.672,-0.898,-1.975
-0.536,-0.797,0.146
-0.852,-1.012,1.998
0.099,0.256,1.5
1.201,0.881,-0.069
1.058,-0.58,-1.997
0.762,-1.604,-1.997
0.725,-0.477,-1.568
-0.581,-0.921,1.689
-0.595,0.082,1.513
1.007,0.832,0.113
1.234,-0.579,-1.997
1.197,-0.414,-1.997
0.53,0.154,-1.091
-0.96,-0.55,1.396
-0.959,-0.482,1.718
0.945,0.6,0.386
1.997,0.184,-1.389
1.997,-1.268,-1.997
0.965,-0.44,-1.693
-1.979,-0.93,1.561
-1.303,0.193,1.611
1.416,0.874,0.054
1.997,-0.064,-1.996
1.981,-1.349,-1.997
0.322,-0.463,-0.432
-1.864,-1.097,1.913
-0.143,-0.45,1.322
1.014,1.23,0.289
1.741,0.353,-1.992
1.579,-1.652,-1.997
0.772,-0.255,-0.535
-0.577,-0.598,1.987
-0.614,0.249,1.2
-0.248,0.475,-0.6
-1.531,-0.084,-1.997
-1.208,-1.373,-1.997
1.098,-0.807,-1.801
1.997,-0.522,-0.589
0.976,-0.735,-0.124
-1.195,0.182,-0.932
-1.998,-0.054,-1.053
-1.998,0.576,-0.473
-0.368,1.569,-1.403
1.997,-0.835,-0.089
1.125,-1.933,-0.325
-0.598,-0.498,-0.867
-1.998,1.963,-0.732
-1.905,1.393,-1.514
1.037,-0.452,-1.853
1.985,-1.481,-1.158
1.803,-1.734,-0.755
0.149,-0.972,0.368
-1.512,1.396,-0.13
-1.998,1.983,-1.075
0.341,0.371,-1.891
1.698,-1.325,-1.317
1.997,-0.874,-1.221
1.167,-1.513,-0.252
-1.384,0.012,-0.119
-1.998,1.976,-0.708
-1.059,1.145,-1.98
0.936,-1.352,-1.991
1.89,-1.09,-1.274
0.963,-1.319,0.465
-0.23,0.48,0.587
-1.998,1.143,-0.488
-1.998,0.781,-1.13
0.739,-0.942,-1.056
-0.242,0.144,-1.95
0.789,-0.801,-0.754
-0.029,-1.109,-0.26
-1.224,-0.214,0.35
-1.998,1.106,0.316
-1.489,1.582,-1.64
-0.539,-0.877,-1.979
-0.085,-0.39,-1.3
1.008,-0.403,-0.325
0.385,-0.167,0.178
-1.916,0.477,-0.877
-1.998,-0.954,-1.294
-1.022,-0.092,-0.761
1.163,1.278,0.249
0.309,1.029,0.08
-1.998,-0.297,-1.726
-1.592,-1.761,-0.773
0.176,0.917,-0.455
1.201,1.557,0.587
-0.887,1.121,-0.723
-1.995,-1.683,-1.762
-0.62,-1.66,0.259
0.047,1.176,0.44
-0.048,1.995,1.04
-1.969,0.705,-1.004
-1.687,-1.998,-1.351
-0.249,0.024,0.207
0.209,1.997,1.101
-1.415,1.481,-0.607
-1.459,-1.947,-1.075
-0.437,-1.156,0.227
0.231,1.915,0.332
-0.801,1.981,-0.249
-0.581,-1.984,-0.911
-1.998,-1.185,-1.857
0.196,1.253,-0.08
0.171,1.985,-0.474
-1.436,0.008,-1.113
0.456,-1.998,-1.547
-0.196,-0.063,-0.636
-0.828,1.609,-0.535
-0.118,0.895,-0.131
0.5,-1.998,-1.152
0.374,-1.203,0.186
0.591,1.59,-0.15
0.329,1.84,0.119
1.997,-1.433,-0.012
-0.265,-1.998,-0.45
0.795,1.513,-0.397
1.124,1.997,-0.258
1.997,-0.714,-1.117
-0.573,-1.998,-0.792
0.365,1.687,-0.408
1.085,1.997,0.103
1.997,0.575,-1.379
-1.062,-1.998,-1.747
-0.431,1.111,-0.348
0.684,1.997,-0.424
1.997,-0.545,-1.666
-0.377,-1.982,-1.38
-0.42,1.758,0.194
0.594,1.856,-1.235
0.178,-1.998,-1.983
0.279,-0.028,0.177
0.922,1.997,0.246
-0.177,0.927,-0.633
-0.086,-1.998,-1.994
0.505,-0.376,-0.689
0.223,1.547,-1.068
-0.498,0.428,-0.469
-0.166,-1.998,-1.303
-0.006,-0.543,-0.346
0.246,1.306,-0.727
-0.254,0.713,-0.94
0.163,-1.998,-1.757
-0.158,-1.406,-0.833
0.364,1.499,-0.709
0.079,1.997,-1.384
-0.925,-1.998,-0.302
-0.296,-1.998,0.285
0.122,1.776,-1.457
0.122,1.997,-0.757
0.222,-1.971,0.013
-0.573,-1.998,0.999
-0.275,1.944,-1.035
-0.262,1.997,-1.403
0.449,-0.304,-0.173
-0.798,-1.998,-0.014
-0.274,1.13,-1.226
-0.012,1.997,-1.305
1.554,-1.229,0.243
-0.418,-1.998,0.398
-0.336,1.915,-1.501
-0.089,1.997,-1.93
-1.1,-1.998,0.014
-0.427,-1.036,-0.329
-1.203,1.997,-1.46
0.802,1.15,-1.58
0.219,-1.998,-0.824
0.091,0.959,-0.577
-0.405,0.93,-0.112
-0.35,-1.001,-1.001
-0.624,-0.115,-0.221
-0.547,1.027,-0.21
-1.314,0.681,-1.458
-1.998,-1.997,-0.321
-1.049,0.352,-0.522
-0.528,1.997,-0.226
-1.891,1.282,-1.024
-1.744,-1.998,0.064
0.293,0.757,0.134
-0.683,1.996,0.465
-1.711,-1.309,-0.456
-0.814,-1.886,-0.048
0.033,1.985,-0.417
-0.096,1.997,0.467
-1.687,-1.988,0.043
-0.704,-1.222,-0.106
-1.199,1.997,-0.14
-0.068,1.848,0.046
-1.488,-0.404,-0.482
-0.035,-1.998,-0.19
0.035,1.201,0.031
-0.013,1.997,0.469
-0.275,-0.699,-0.147
-0.456,-1.582,-0.359
-0.406,1.995,-0.201
-1.393,1.768,-0.243
-0.071,-1.5,0.382
-1.297,-1.73,-0.108
-0.709,1.983,0.061
-0.314,1.884,-0.508
-0.782,-1.998,-1.197
-0.638,-0.992,0.312
-0.939,1.463,0.556
-1.067,0.788,-0.259
0.148,-1.666,-1.997
-1.133,-1.382,-0.575
-0.492,1.643,-0.243
-0.364,1.739,0.276
0.651,0.091,-1.077
-0.685,-1.998,-1.075
-0.299,0.966,0.008
0.315,1.973,0.44
0.307,-0.268,-1.172
-0.813,-1.998,-1.248
-0.204,0.307,-0.58
-0.164,1.769,-1.111
0.978,0.63,-0.576
-0.308,-1.998,-1.937
-0.113,-1.998,-0.523
-0.084,0.139,-0.007
-1.707,1.981,-0.763
-0.614,0.672,-1.294
1.517,-1.998,-1.923
1.938,-1.998,-0.497
0.176,-1.037,-0.01
-1.346,1.266,0.388
-1.998,1.804,-1.08
-0.215,-0.423,-1.939
1.587,-1.291,-1.751
1.968,-1.832,-1.111
0.329,-1.604,-0.511
-1.193,0.972,0.259
-1.998,1.997,-1.278
-0.307,-0.429,-1.712
1.997,-1.986,-1.306
1.452,-1.998,-0.503
-0.134,-0.536,-0.317
-1.934,1.687,-0.105
-1.968,1.795,-1.74
0.804,-0.819,-1.688
1.997,-1.44,-1.88
1.423,-1.998,-0.42
-0.164,-1.087,-0.373
-1.929,1.194,0.563
-1.998,1.99,-1.149
0.589,-0.107,-1.648
1.632,-1.88,-1.764
1.782,-1.998,-1.391
0.076,-1.561,-0.148
-1.238,0.989,0.001
-1.998,1.997,-0.672
-0.051,0.113,-1.212
1.838,-1.716,-1.993
0.622,-1.998,-0.893
0.101,-0.797,0.179
-0.16,0.884,0.566
-0.538,1.764,-0.616
0.827,-1.329,-1.899
0.363,-1.948,-0.902
-0.212,0.917,-0.704
-0.02,1.997,-0.621
0.482,0.177,-1.969
-0.717,-1.982,-1.785
-0.371,0.183,0.465
-0.442,1.05,1.231
0.664,0.531,-1.09
-0.3,-0.846,-0.144
-0.527,0.908,0.177
-0.254,1.824,-0.787
0.686,0.128,-1.197
0.01,-1.597,-1.928
1.329,-0.394,-1.103
1.134,1.08,-0.406
0.087,0.766,-0.819
-0.276,-1.998,-1.353
0.572,-0.231,-0.038
0.017,1.736,-0.312
-0.605,0.744,-1.153
0.302,0.345,-0.282
0.65,-1.998,-1.611
-0.283,1.997,0.137
-0.654,1.247,-0.568
0.148,-1.998,-1.997
0.279,0.138,-0.199
-0.123,1.936,-0.732
1.052,-0.517,-1.655
0.326,-1.901,-0.464
0.129,0.596,0.006
-0.085,0.994,0.227
-0.937,-0.972,-1.3
-1.049,-0.672,-0.374
-1.417,0.633,-0.043
-1.998,0.39,-0.908
-1.737,-1.998,-0.836
-0.851,-0.323,-0.843
0.225,1.993,0.342
-1.643,-0.07,0.062
-1.133,-1.998,-0.318
0.142,0.991,0.399
-0.779,1.782,0.011
-1.993,-1.966,-0.747
-1.098,-0.803,0.147
-0.801,1.607,0.157
-1.486,-0.688,-1.093
-0.404,-1.806,-0.369
-0.755,1.613,-0.025
-1.868,-0.433,-0.894
-1.039,-1.443,-0.106
-0.879,1.56,-0.476
-1.478,-0.945,-0.985
-0.689,-1.124,0.113
-0.998,1.758,-0.427
-1.047,-1.733,-0.575
-0.626,-1.168,0.08
-0.95,1.471,-0.572
-1.056,-1.26,-0.631
-0.891,-0.709,-0.31
-1.25,0.828,-1.037
-1.651,0.241,-0.978
-1.371,0.758,-0.065
-1.147,0.546,-0.27
0.1,-1.888,-1.734
-0.011,-0.776,0.083
0.503,1.809,0.771
0.803,1.664,0.968
-0.267,-1.958,-1.997
-0.036,-1.24,-0.109
1.365,1.968,0.772
0.882,-0.166,-1.245
0.263,-1.443,-1.142
0.055,1.122,0.108
-0.25,0.759,-0.974
0.05,-1.997,-1.997
0.443,0.387,0.034
1.407,1.822,0.816
0.272,-1.541,-1.507
0.249,-1.254,-0.724
-0.511,1.256,-0.304
-0.005,0.522,-1.329
-0.11,-1.995,-1.961
-0.344,0.269,-0.027
-0.566,1.186,0.136
-1.05,-1.816,-1.622
-0.596,-1.369,-0.231
0.375,1.232,-0.205
0.463,0.655,-1.825
-0.264,-1.998,-1.989
-0.554,0.21,0.069
0.295,1.766,0.672
0.169,-1.961,-1.792
0.397,-1.149,0.352
-0.131,1.349,-0.184
-0.673,1.058,-1.984
0.797,-1.872,-0.683
-0.133,0.814,-0.11
-0.606,1.193,-0.999
0.243,-1.331,-1.991
0.234,-0.669,0.052
0.023,1.923,0.574
0.069,-0.055,-1.918
0.534,-0.895,-0.515
-0.479,1.412,-0.289
-0.389,1.097,-1.503
0.506,-1.998,-1.669
-0.178,-0.1,-0.195
0.429,1.589,0.747
1.221,1.527,-0.349
-0.1,0.303,-1.107
-1.45,-1.466,-1.338
-0.347,0.107,-0.721
0.743,1.047,-0.797
1.166,1.464,-0.522
1.388,0.608,-0.41
-0.941,0.015,-1.193
0.139,-1.821,-1.753
0.116,-1.998,-0.885
0.641,0.671,-0.118
0.926,1.997,0.876
0.16,1.856,-0.397
-1.16,-1.89,-1.997
-0.233,-1.998,-0.327
0.021,0.102,0.869
-0.797,1.997,-0.154
-0.445,1.997,-1.36
-1.596,-1.998,-1.582
-1.042,-1.995,-0.258
-0.456,1.389,0.53
-1.1,1.997,-0.046
-1.694,0.715,-1.362
-0.244,-1.998,-1.296
-0.094,-1.139,-0.11
-0.499,1.466,0.3
-1.987,1.995,-0.963
-0.644,-0.729,-0.721
0.093,-1.998,-0.925
-0.784,-1.296,-0.083
-0.346,1.601,-0.774
-0.447,1.967,-0.143
-0.946,0.439,-1.076
0.355,-1.975,-1.615
-0.271,-1.982,0.672
-0.867,1.613,-0.223
-0.449,1.997,-0.212
0.463,-0.294,-0.554
0.169,-1.998,-0.981
-0.403,-0.94,-0.631
-0.195,0.567,-0.921
-0.247,0.837,-0.277
0.273,0.983,-0.645
0.784,0.044,-1.098
0.219,-1.988,-1.474
-0.249,-1.3,-0.275
-0.305,0.349,0.205
-0.743,1.997,-0.932
0.168,-0.704,-0.301
0.615,-1.864,-1.997
-0.043,-1.025,-0.29
0.093,1.555,0.143
-0.596,1.91,-0.563
-0.363,0.623,-0.878
-0.904,-1.477,-1.834
-0.54,-0.597,-0.733
-0.009,0.856,-0.521
0.061,1.495,-0.039
-0.703,0.843,-1.233
-0.469,0.233,-1.898
-0.256,-0.759,-1.061
-0.052,0.159,-0.107
0.087,1.795,-0.517
-0.538,1.322,-0.845
0.039,0.115,-1.289
0.127,-0.439,-1.825
-0.118,-0.062,-0.655
-0.169,1.037,-0.715
-0.072,1.271,0.343
-1.088,0.744,-1.435
0.787,-1.258,-1.997
0.248,-0.296,0.392
0.115,1.296,1.402
-1.045,1.288,-0.592
-0.589,1.095,-1.27
0.511,0.066,-1.257
0.057,-0.786,-0.465
-0.131,1.148,0.067
-0.598,1.191,-0.146
-0.386,1.251,-0.852
0.063,-0.054,-0.884
0.337,-0.835,-0.898
0.501,1.63,-0.054
0.38,1.535,-0.371
0.126,1.39,-0.751
-0.474,-0.267,-0.107
0.635,-0.192,-1.994
0.237,-0.083,-0.981
0.164,0.654,0.131
0.621,0.691,0.21
0.397,0.337,0.052
-0.435,0.266,-1.918
1.086,0.094,-1.686
0.357,0.762,-0.214
0.758,1.117,0.737
0.782,0.977,0.832
-0.132,0.459,-1.17
0.892,0.117,-1.682
0.985,0.191,-0.467
0.409,0.255,-0.55
-0.021,0.484,1.738
0.138,0.713,0.373
1.181,0.117,-1.079
1.468,0.126,-1.938
1.14,0.345,-0.687
0.298,1.308,1.069
0.263,1.03,1.763
0.45,-0.191,-1.121
0.371,-0.741,-1.983
1.143,0.046,-0.883
1.087,1.803,-1.419
-1.575,1.239,1.499
-1.806,0.423,-0.018
-0.615,0.15,-1.997
1.997,0.388,-1.398
1.384,0.754,-0.363
-1.261,1.048,-0.285
-1.91,0.872,0.498
-1.232,0.415,0.168
-0.451,0.194,-1.623
1.537,0.47,-1.057
1.165,0.908,-1.004
-0.171,1.225,-1.135
-1.998,0.904,-0.268
-0.188,-0.19,-0.222
1.997,-0.006,-0.572
1.114,-0.016,-0.681
-0.383,0.259,-1.202
-0.531,0.645,-0.29
0.094,0.615,-0.262
0.801,0.542,-0.38
-0.739,0.8,-0.739
-1.103,0.857,-1.102
0.172,0.493,-1.626
1.997,0.856,-0.615
-0.684,0.976,-1.209
-1.998,0.327,-1.558
1.074,-0.531,0.179
1.997,0.809,-0.213
-1.073,0.942,-1.978
-0.327,0.719,-0.267
0.42,1.11,-0.721
-0.513,0.927,-1.405
1.209,0.402,-0.286
0.338,0.584,-0.783
-0.493,-0.473,-0.179
0.852,0.051,-0.658
0.586,0.973,-1.299
1.183,0.778,-0.529
0.851,0.484,-0.4
-0.333,-0.032,-0.087
0.584,0.938,-1.159
-0.739,0.337,-0.441
0.681,0.341,-0.461
1.997,0.902,0.17
-1.005,0.431,-1.827
-0.986,0.489,-0.073
0.691,0.064,0.178
-0.669,0.573,-1.409
