A_X [mg],A_Y [mg],A_Z [mg],G_X [dps],G_Y [dps],G_Z [dps]
-100.406,-203.252,1008.7,0.76125,0.13125,0.16625
-99.979,-188.307,994.056,1.05875,-0.21875,-0.02625
-77.348,-190.503,1012.9,0.51625,-0.56,0.175
-85.095,-189.1,1005.04,0.7525,0.25375,0.37625
-93.757,-207.278,999.607,0.7,0.70875,0.58625
-94.367,-176.107,1003.14,0.0875,0.385,1.155
-91.683,-179.706,989.908,0.42,0.7525,1.6975
-88.145,-205.448,1001.44,0.0175,0.93625,1.435
-134.627,-207.339,998.082,0.97125,0.98875,-0.41125
-106.689,-71.248,1016.26,-3.29875,-2.1,-0.93625
-55.876,-162.931,947.879,-6.55375,-0.84875,-1.505
-57.767,-241.804,1072.01,-7.91,-0.35,-0.62125
-148.962,-199.165,978.074,-3.77125,2.10875,-1.09375
-99.674,-194.59,1011.99,-4.94375,-0.28,-0.2625
-86.254,-216.794,978.074,-3.8325,-0.6825,-0.21875
-107.604,-195.81,1015.59,-3.98125,-1.21625,-0.3325
-96.075,-186.233,985.577,-3.54375,-1.32125,-0.7875
-72.712,-204.838,1013.7,-4.585,-1.35625,-1.575
-91.866,-203.13,996.069,-3.8325,-0.27125,-2.3975
-106.384,-212.524,1003.33,-3.255,-0.27125,-1.86375
-97.6,-197.64,999.668,-1.84625,-0.69125,0.28
-84.668,-216.306,995.764,-0.88375,-0.525,1.44375
-92.781,0.732,1006.56,-5.20625,-1.12875,0.58625
-46.909,-332.389,986.919,-13.7988,-0.1925,-2.52
-187.758,-253.272,986.919,-3.89375,2.0125,-2.30125
-102.175,-280.722,1019.31,0.735,-3.64875,-0.84875
-61.732,-175.253,970.876,1.42625,-4.03375,-0.98
-40.199,-229.543,1023.27,0.105,-1.54875,0.32375
-80.764,-232.654,1002.05,0.97125,1.04125,0.41125
-127.734,-196.725,996.618,0.88375,0.93625,0.14875
-98.637,-179.828,988.383,0.8575,-0.7,0.44625
-83.814,-182.024,1000.64,1.25125,-1.225,0.56875
-99.552,-194.59,1005.77,2.16125,-0.37625,0.58625
-97.661,-252.601,1006.99,4.69875,-0.20125,0.35
-144.631,-353.312,984.967,9.1175,-0.7175,0.69125
-58.255,-267.485,975.573,13.3525,-3.71875,2.72125
-25.803,-1.464,1053.23,8.26,-2.6775,1.72375
-32.025,-208.376,913.597,2.00375,2.35375,-1.18125
-77.165,-260.653,1086.78,0.6825,3.24625,0.55125
-223.077,-165.92,936.96,5.78375,3.8675,0.105
-36.722,-228.445,1032.36,1.365,-2.80875,2.625
-76.982,-202.825,963.556,4.71625,-0.2975,0.88375
-92.354,-217.038,1014.86,4.3925,0.39375,0.39375
-104.615,-205.631,990.518,5.29375,0.4725,-0.0525
-82.045,-213.012,1012.72,5.15375,-0.04375,0.18375
-84.546,-208.193,992.409,6.30875,0.665,-0.16625
-92.842,-206.546,1007.6,6.50125,0.90125,-0.02625
-95.587,-205.631,997.106,7.69125,1.16375,0.1925
-98.881,-174.643,1007.9,7.63,0.5425,0.30625
-83.021,-90.158,1001.68,4.31375,-0.34125,0.34125
-81.923,-186.599,999.058,1.0675,0.65625,-0.6475
-90.89,-203.984,989.969,1.00625,1.25125,-0.51625
-110.105,-171.166,996.923,0.6475,0.35,-0.35875
-109.8,-192.028,1014.43,0.455,-0.34125,-0.1225
-97.722,-182.512,995.764,0.76125,-0.5775,-0.1225
-90.707,-134.139,1012.48,-0.805,-0.83125,-0.35875
-85.217,-271.267,999.729,-2.00375,-0.27125,-0.49
-88.999,-195.566,984.479,-0.00875,-0.16625,-0.34125
-67.527,-199.47,1011.14,0.4725,-0.14875,-0.30625
-116.876,-79.422,1001.8,0.5775,0.9275,-0.805
-101.992,-320.189,1004.43,-1.05,0.21,-0.7525
-124.44,-145.607,986.492,1.4,-1.61,0.4025
-40.565,-208.559,994.727,0.81375,-2.58125,1.5925
-30.561,-211.731,1023.03,0.805,0.20125,1.44375
-119.743,-172.203,1000.34,2.52,3.36875,0.65625
-125.355,-197.579,998.387,1.54,2.3275,1.47
-88.45,-195.932,988.078,0.84875,0.8225,0.55125
-127.002,-184.464,1006.13,0.5775,0.14875,-0.97125
-129.259,-190.625,991.067,1.30375,-1.47875,-1.25125
-65.88,-220.881,997.472,0.385,-3.325,-1.04125
-40.809,-162.87,1000.64,0.4375,-2.275,-0.90125
-60.207,-186.233,1017.05,0.63875,0.875,0.07875
-84.912,-217.16,1004.37,1.085,3.10625,0.63875
-136.213,-173.85,1004.43,0.93625,2.61625,0.035
-126.209,-194.59,982.466,1.19,0.63,0.0875
-103.7,-191.967,993.08,0.6125,-1.925,-0.315
-71.37,-184.037,999.363,0.595,-2.45,-0.49875
-67.466,-192.577,1003.45,0.6125,-1.12875,-0.5075
-66.978,-192.577,1007.96,0.48125,0.35,-0.0175
-68.564,-334.28,1019.98,0.91875,1.82,0.32375
-170.739,5.49,978.257,4.865,3.1675,0.18375
-52.643,-205.204,984.113,-1.28625,-0.735,0.8225
-128.71,-221.125,1038.77,0.11375,-0.1925,0.83125
-126.392,-214.354,1000.4,1.60125,-0.53375,0.2275
-37.21,-191.357,983.93,0.42875,-1.75875,0.23625
-56.913,-203.191,984.845,1.07625,0.4025,-0.4725
-125.721,-173.667,1016.93,0.665,0.90125,-0.58625
-125.538,-152.866,1004.85,0.93625,-0.13125,0.07875
-76.86,-193.248,1010.28,0.00875,-1.295,1.295
-79.239,-199.409,992.653,0.77,-0.595,1.63625
-71.614,-215.513,1002.11,0.39375,0.1225,1.63625
-83.936,-202.459,999.302,0.5425,1.295,0.67375
-111.752,-194.346,998.204,0.53375,1.365,-0.02625
-114.436,-190.015,994.849,0.63875,0.07875,-0.23625
-100.101,-194.163,993.934,0.6125,-1.12,-0.35875
-76.738,-205.448,996.862,0.70875,-1.3125,-0.37625
-71.858,-202.337,1006.01,0.93625,-0.3675,-0.65625
-82.045,-201.971,1010.34,1.25125,0.7875,-0.8925
-91.927,-201.361,1003.88,1.4525,1.2075,-0.95375
-108.702,-167.14,997.655,1.47,1.02375,-1.015
-114.192,-157.563,997.777,0.77875,0.0875,-0.74375
-99.369,-195.81,995.398,0.81375,-0.875,-0.0875
-75.091,-191.784,1003.94,0.455,-1.435,0.30625
-70.211,-187.575,1000.77,0.63875,-0.2975,0.25375
-74.42,-192.76,993.873,0.81375,1.11125,0.04375
-113.094,-188.917,997.228,0.76125,1.60125,-0.1225
-125.355,-194.346,998.204,0.735,0.51625,0.0875
-115.229,-173.728,1010.77,0.07875,-1.225,0.04375
-97.844,-178.486,999.79,0.245,-1.60125,-0.56875
-88.267,-202.398,1013.33,-1.19,-2.275,-1.19
-77.409,-240.157,991.189,0.04375,-1.84625,-1.05
-45.384,-188.246,1008.82,0.37625,-1.715,0.21875
-83.631,-11.895,972.584,-1.4,1.00625,0.315
-17.873,-206.546,1013.51,-8.98625,1.4175,0.39375
-145.546,-229.726,1035.84,-8.32125,3.815,-0.04375
-207.705,-178.12,974.963,-6.335,2.2575,-0.42875
-100.528,-213.134,969.29,-7.98,-3.08875,-0.14
-76.128,-210.328,1001.13,-8.295,-4.80375,-0.9275
-48.19,-203.679,1037.24,-7.67375,-4.08625,-1.32125
-38.064,-193.736,995.825,-6.74625,-0.245,-2.37125
-48.922,-221.857,1007.6,-7.2625,3.35125,-1.6275
-168.36,-211.548,972.828,-5.3025,3.75375,-1.295
-85.827,-222.406,1006.38,-6.23,-1.39125,-0.06125
-89.609,-200.995,977.037,-5.11,-0.63,-0.86625
-71.553,-204.655,1029.38,-6.0725,0.07875,-0.79625
-108.397,-209.84,984.784,-4.41875,1.2075,-1.23375
-92.415,-220.881,998.143,-5.43375,0.27125,-0.67375
-111.081,-208.193,985.455,-5.10125,0.14,-1.295
-88.999,-212.036,995.154,-5.74875,-0.91875,-1.68
-104.859,-204.228,993.141,-4.97875,-0.8925,-1.9775
-60.756,-257.542,1014.86,-5.25,-2.09125,-0.07
-86.559,-193.98,979.538,-3.9375,-0.14,1.12
-83.692,-200.812,996.496,-4.1125,0.2625,2.28375
-101.504,-208.742,1010.59,-3.3775,0.3675,2.40625
-107.36,-203.313,1011.44,-2.415,0.6125,0.9625
-130.296,-212.646,992.043,-1.72375,-0.07875,-1.04125
-95.038,-241.56,994.971,-1.67125,-2.1175,-1.3825
-81.984,-219.417,993.019,-1.56625,-2.415,-1.89875
-65.941,-228.567,986.919,-1.855,-2.19625,-1.4525
-45.201,-232.105,1006.5,-2.12625,-0.63,-0.0875
-88.328,-225.212,986.553,-1.32125,1.5225,0.2275
-102.358,-226.859,988.383,-1.26875,1.435,0.455
-106.506,-221.674,985.699,-0.8225,0.53375,0.25375
-104.859,-218.075,1005.4,-0.63,-0.39375,-0.1575
-102.175,-214.598,1001.86,-0.04375,-0.6475,-0.49
-91.378,-223.626,998.814,0.18375,-0.8925,-0.385
-79.849,-229.604,988.566,0.44625,-1.11125,-0.13125
-72.956,-233.752,992.531,0.3675,-0.88375,0.0175
-79.544,-228.567,994.056,0.5075,-0.04375,-0.0525
-96.197,-217.099,999.851,0.7175,0.39375,-0.04375
-110.288,-210.938,1003.45,1.1025,0.14875,-0.16625
-109.617,-206.912,1002.96,1.53125,-0.69125,-0.34125
-86.132,-203.313,998.326,1.2075,-1.51375,-0.56
-107.604,-239.608,974.231,1.96,-0.9975,-0.4375
-61.61,-218.868,1000.4,1.435,-2.16125,0.8575
-72.712,-219.112,983.869,2.09125,-0.60375,1.085
-95.831,-232.105,1003.82,1.70625,0.20125,0.98875
-106.567,-211.06,984.418,2.24,-0.37625,0.7875
-74.664,-238.388,1002.72,2.065,-1.68875,0.7175
-90.951,-222.467,986.187,3.07125,-0.88375,0.07
-86.986,-219.539,1008.27,2.52875,-1.21625,-0.1225
-70.394,-224.541,989.786,2.555,-1.1025,0.41125
-54.656,-225.151,1000.03,2.54625,-0.20125,1.4
-67.893,-232.166,985.516,3.29,1.86375,1.47875
-91.805,-256.871,992.226,4.17375,2.1875,1.09375
-91.5,-254.614,993.385,5.01375,1.295,0.88375
-82.899,-241.743,1004,4.57625,1.19875,-0.04375
-127.734,-220.942,973.621,5.7925,2.30125,-0.97125
-116.51,-171.715,996.496,4.9525,0.4725,-0.69125
-119.499,-144.021,1009.92,5.075,-1.05875,-0.1925
-73.627,-163.663,1012.72,2.84375,-2.49375,0.34125
-53.924,-195.2,975.451,1.91625,-1.35625,-0.63
-35.38,-238.51,1004.85,0.7,0.21,-0.84
-96.99,-208.986,995.276,1.3125,2.1,-0.665
-127.795,-210.267,1009.43,0.8575,1.855,0.37625
-111.447,-216.001,986.736,0.9625,0.46375,0.9625
-83.997,-203.13,999.18,0.84,-0.76125,1.11125
-82.533,-196.664,991.311,0.8225,-0.58625,0.11375
-90.707,-176.29,1009.37,0.4025,-0.34125,-0.4725
-81.862,-183.915,997.228,-0.67375,0.02625,-0.65625
-105.347,-239.608,981.612,-0.8225,0.315,-0.595
-104.859,-265.289,981.795,0.4025,-0.56875,0.91
-78.019,-207.034,1009.18,0.07,-2.1175,1.8025
-48.983,-193.309,1001.13,0.56,-0.455,1.72375
-89.731,-151.829,1014,-0.3325,1.5225,1.05
-99.003,-280.6,971.181,0.7525,1.9775,1.86375
-108.336,-241.56,1022.91,-0.11375,0.16625,3.31625
-121.512,-178.852,974.658,1.4525,0.14,4.55875
-11.407,-241.011,998.082,0.91,-0.4025,4.38375
-92.659,-199.653,1009.73,1.645,2.4325,2.40625
-118.279,-212.768,999.851,1.28625,2.93125,1.8025
-153.293,-186.904,977.769,1.0675,0.81375,0.385
-83.57,-191.357,1005.28,0.2625,-2.695,0.32375
-36.783,-229.177,997.96,0.41125,-1.82875,0.525
-71.004,-226.615,991.494,0.49,1.155,0.70875
-116.815,-225.456,989.847,0.3675,1.86375,0.63
-114.558,-204.35,1001.5,0.21,0.07,0.3325
-103.944,-233.691,987.773,1.015,-0.8225,-0.88375
-89.548,-215.391,996.13,0.7,-1.645,-1.95125
-86.803,-204.533,1008.39,0.72625,-1.88125,-1.645
-40.626,-213.866,999.851,0.8575,-1.4,0.35875
-53.619,-239.181,998.631,0.84,1.5225,1.75875
-152.988,-144.875,959.591,5.03125,4.71625,1.9775
-37.393,-271.816,1050.3,-0.95375,-0.65625,2.51125
-242.231,-161.894,976.915,2.695,2.26625,-1.12875
11.407,-246.013,986.736,-0.93625,-3.8675,-0.1925
-82.472,-201.849,978.379,1.0325,-0.1225,-2.31875
-165.615,-192.76,994.3,1.3475,-0.18375,-3.33375
-55.693,-220.149,1015.35,-0.175,-4.22625,-1.5575
-40.809,-198.799,1009.61,0.58625,-1.6975,-0.48125
-72.102,-213.073,1002.17,0.58625,2.0125,0.93625
-123.769,-218.99,993.385,0.83125,3.10625,1.2775
-120.475,-213.866,994.727,0.53375,0.6125,1.05
-77.714,-207.339,982.283,0.93625,-1.53125,0.62125
-61.061,-216.306,997.106,0.53375,-0.76125,0.105
-88.145,-210.633,993.385,0.77875,0.8225,0.0525
-102.785,-216.855,1004.55,0.51625,0.315,0.42875
-91.439,-218.868,994.178,0.805,0.07,0.28
-94.428,-226.981,996.069,0.83125,0.53375,-0.35
-104.188,-203.313,998.509,0.98,0.1575,-0.7175
-94.001,-207.278,1005.04,0.77875,-0.63,-0.98
-88.572,-195.505,988.444,0.98,-0.7175,-1.0675
-83.082,-214.354,995.581,0.55125,-0.74375,-0.88375
-86.742,-217.77,990.579,0.7175,-0.4375,-0.2975
-84.424,-209.718,995.581,0.7,-0.20125,0.42
-95.465,-216.245,999.973,0.77,0.525,0.42875
-105.591,-209.779,998.57,0.97125,0.4725,-0.09625
-98.027,-207.888,1002.17,0.91875,-0.60375,-0.3675
-65.941,-212.89,993.873,0.84,-1.05,-0.28
-81.008,-179.279,1004.79,0.35875,-0.0525,-0.4025
-99.857,-223.382,1007.11,0,0.5425,-0.60375
-97.356,-204.533,991.921,-0.07875,-0.44625,-0.2625
-78.019,-208.681,981.063,-0.07875,-0.35,-0.09625
-73.078,-212.341,991.311,-0.5425,0.67375,-0.13125
-111.142,-229.97,991.128,0.245,1.16375,-0.0875
-108.336,-140.483,1024.62,-2.2925,-1.085,0.14
-26.413,-158.295,952.149,-5.24125,0.16625,-1.19
-74.603,-248.026,1065.24,-7.70875,2.485,-1.47
-207.461,-231.373,957.7,-3.5525,3.1325,-1.8375
-55.754,-205.204,995.276,-6.8425,-3.07125,-0.49
-36.966,-196.908,998.204,-6.23,-0.4375,-1.54
-131.333,-210.084,1012.54,-6.1425,1.54875,-2.5725
-113.277,-137.189,972.889,-6.27375,-0.44625,-2.0825
-65.697,-252.296,998.265,-8.04125,-1.75875,-1.14625
-107.543,-253.272,985.333,-6.3525,-0.8225,-0.09625
-106.811,-261.019,996.313,-6.02875,-2.0825,-0.3325
-68.564,-230.031,989.237,-5.13625,-2.3275,-1.295
-71.736,-253.882,999.973,-4.97875,-0.8225,-2.05625
-96.563,-238.266,998.997,-4.2175,0.55125,-1.86375
-97.234,-188.917,992.836,-4.0775,-0.02625,-1.26875
-84.302,-221.857,1008.7,-3.99,-0.69125,-0.13125
-86.62,-256.078,965.203,-2.77375,-0.42875,0.63
-77.897,-239.852,1008.7,-4.24375,-1.25125,0.4375
-70.699,-226.676,980.88,-3.40375,-0.2975,-0.28875
-96.319,-231.068,1006.8,-4.0425,0.62125,-1.12875
-111.264,-266.997,992.531,-3.955,0.7525,-1.60125
-98.637,-184.891,998.814,-3.9025,-0.97125,-0.5425
-65.636,-214.171,974.658,-4.515,-0.93625,0.63875
-76.189,-242.475,1024.92,-4.8125,0.23625,1.3125
-117.608,-229.726,976.488,-2.84375,0.8225,1.1375
-88.023,-255.773,986.004,-2.89625,-0.28,1.1025
-98.21,-263.825,977.586,-2.10875,-0.6125,0.2975
-98.149,-249.063,996.557,-2.24875,-1.6625,-0.28875
-79.239,-235.582,986.858,-2.02125,-1.75875,-0.8925
-70.577,-238.632,999.302,-2.33625,-1.645,-1.4175
-80.886,-240.096,996.313,-1.96875,-0.70875,-1.49625
-89.487,-245.952,999.363,-1.68875,-0.34125,-0.95375
-85.644,-240.767,990.884,-1.33,-0.1575,-0.14875
-80.947,-237.656,983.259,-1.1725,0.28875,0.37625
-95.526,-243.207,989.42,-0.9975,0.6125,0.28875
-99.491,-242.292,986.309,-0.69125,-0.00875,-0.11375
-85.156,-238.754,984.052,-0.69125,-0.8225,-0.46375
-87.352,-242.841,992.043,-0.7,-0.8225,-0.77875
-89.67,-206.668,985.15,-0.7,-0.6825,-1.12875
-85.705,-269.62,1012.42,-3.115,-0.5775,-2.8525
-145.058,-244.793,985.577,-0.84,-0.455,-3.03625
-45.872,-239.913,1011.5,-0.41125,-3.91125,-0.11375
-53.436,-269.925,961.787,1.32125,-0.79625,-0.00875
-117.059,-231.922,1015.04,1.5575,0.13125,-0.09625
-71.858,-235.643,966.667,2.98375,-2.00375,2.19625
-66.795,-258.64,1007.11,3.36875,-1.1725,3.535
-45.933,-216.245,991.677,2.17,0.8575,2.49375
-171.044,-229.177,954.467,2.1,3.10625,-1.21625
-77.775,-268.461,1007.17,0.84875,-2.1175,0.28875
-82.35,-238.083,975.207,2.8875,-2.6075,-0.06125
-41.236,-273.768,1018.58,2.00375,-1.32125,0.32375
-92.781,-246.074,983.381,3.66625,1.33875,0.32375
-84.241,-246.074,984.296,3.64,0.20125,0.8925
-79.849,-243.939,988.444,4.34875,-0.5775,1.23375
-83.692,-247.66,998.997,5.075,0.09625,0.9975
-67.527,-275.842,993.08,6.125,0.65625,0.8925
-87.535,-240.218,981.368,7.98,1.61875,0.9625
-80.947,-259.86,993.141,8.02375,1.5225,1.39125
-106.079,-207.583,992.775,9.0475,1.9075,1.575
-117.059,-96.624,998.265,5.73125,0.72625,1.6625
-75.091,-235.216,995.337,0.595,-0.2625,0.69125
-85.095,-264.984,999.546,0.79625,0.42,-0.11375
-108.275,-210.938,982.893,1.00625,0.06125,-0.79625
-85.827,-215.086,989.603,0.6475,-0.7875,-0.245
-78.507,-180.987,1006.07,-0.98,-1.32125,0
-84.546,-292.861,992.47,-0.665,-0.48125,0.11375
-53.497,-260.958,981.368,0.2275,-0.805,0.455
-59.475,-230.336,1000.77,0.315,0.79625,-0.53375
-101.077,-131.76,992.165,0.44625,2.54625,-0.81375
-129.869,-340.136,1027.42,-2.28375,1.855,-1.23375
-168.665,-181.292,944.219,2.09125,-0.00875,-0.385
-42.029,-265.289,994.178,-0.48125,-4.73375,0.95375
-16.714,-254.675,992.653,2.12625,-1.75875,0.79625
-112.972,-164.822,1014.49,2.33625,1.35625,-0.525
-89.67,-243.695,968.985,1.21625,1.14625,0.07
-81.679,-279.075,1000.77,0.79625,0.00875,-0.09625
-95.648,-216.001,992.104,1.5925,-0.14,-0.69125
-101.565,-222.833,999.424,0.74375,-0.1575,-1.6975
-72.224,-228.018,997.289,0.35875,-0.88375,-0.1575
-51.24,-230.702,1005.83,0.6125,-0.21875,1.25125
-74.42,-242.414,985.577,1.085,1.96,0.4025
-110.654,-205.448,983.869,1.04125,2.38875,-0.8225
-137.372,-225.212,981.063,0.86625,0.69125,-0.49875
-103.395,-236.741,989.542,0.46375,-2.0825,0.25375
-52.033,-352.58,1006.38,0.7175,-2.40625,-0.1225
-104.981,-57.157,988.261,4.2525,-0.0525,-0.56
-0.854,-267.058,996.557,-1.68,-0.63,0.5425
-126.026,-238.937,1004.37,0.88375,2.6075,0.5425
-145.729,-211.121,1000.95,1.0675,1.2425,0.86625
-49.593,-260.165,978.623,0.60375,-0.91,2.17875
-71.797,-223.626,996.374,0.86625,-0.51625,1.51375
-112.118,-224.724,1003.63,0.83125,0.49,0.74375
-102.175,-246.928,983.686,0.74375,-0.035,0.245
-83.082,-234.728,990.579,0.16625,-1.14625,0.28
-74.481,-228.445,992.165,0.04375,-0.97125,-0.25375
-80.276,-227.225,995.459,0.175,-0.2275,-0.28
-84.241,-218.929,990.274,0.35875,0.27125,0.30625
-87.352,-228.384,992.226,0.28875,0.4025,0.76125
-90.707,-243.817,991.982,0.4725,0.1925,0.77875
-83.997,-259.86,993.08,0.8225,-0.21875,0.455
-83.875,-250.832,987.468,1.82,-0.00875,-0.0175
-90.524,-226.981,1005.16,1.02375,-0.09625,-0.21875
-86.071,-221.674,989.115,1.47875,0.46375,0.18375
-63.928,-244.549,1004.79,0.84875,0.65625,0.30625
-100.65,-203.862,985.333,1.3825,1.5225,-0.25375
-116.754,-216.611,987.285,0.90125,0.86625,-0.42875
-99.796,-230.641,984.418,0.65625,-0.77,-0.18375
-82.35,-232.227,996.557,0.5075,-1.82875,-0.14
-69.235,-225.639,995.215,0.6125,-1.44375,-0.20125
-65.758,-225.822,999.485,0.6475,-0.1925,-0.2625
-92.171,-194.224,1004.18,0.51625,0.9275,-0.09625
-132.553,-220.637,996.496,0.14,0.8225,0.6475
-103.151,-247.66,980.758,-0.525,-1.32125,1.58375
-37.637,-271.572,996.008,-0.67375,-2.485,1.60125
-61.793,-226.127,988.993,0.04375,0.21,-0.3325
-94.794,-239.364,991.372,-1.16375,1.365,-1.9425
-131.089,-187.453,981.978,-1.33875,0.4725,-1.28625
-82.472,-239.852,998.753,-0.9975,-1.5575,1.18125
-13.359,-155.733,1001.86,-2.4325,-1.70625,2.0825
-47.092,-236.436,974.292,-5.43375,3.66625,-0.46375
-127.063,-286.578,1041.33,-6.23875,4.935,-0.63
-216.123,-215.574,947.33,-3.54375,1.785,-0.8925
-5.063,-235.765,1001.99,-6.1775,-4.4625,0.27125
-53.985,-240.462,989.298,-4.795,0.20125,-1.09375
-106.506,-237.778,1006.07,-4.6725,2.44125,-1.74125
-122.671,-223.992,972.767,-4.6725,1.015,-1.81125
-76.616,-235.826,997.411,-5.425,-1.40875,-1.21625
-92.476,-267.912,987.163,-4.80375,-0.90125,-1.16375
-121.146,-166.896,984.845,-3.045,-0.04375,-0.84875
-61.183,-270.535,1011.87,-5.7575,-1.63625,-0.84
-87.108,-254.248,1002.47,-4.59375,-0.35,-0.6125
-134.139,-249.002,965.264,-3.17625,0.18375,-1.37375
-40.382,-264.74,985.333,-4.69875,-2.96625,-1.05
-84.485,-237.778,989.664,-3.92875,-1.23375,-1.715
-77.592,-227.042,993.507,-4.515,-0.8575,-1.30375
-61.244,-261.202,980.941,-5.1975,-0.18375,-1.085
-92.232,-228.262,1000.58,-5.39,0.44625,-0.79625
-100.04,-243.024,986.431,-5.7575,0.2625,-0.63
-94.489,-235.338,996.069,-6.1775,0.1225,-0.67375
-104.859,-238.571,979.233,-5.4775,-0.49875,-0.49
-66.307,-295.728,1011.87,-6.7025,-2.12625,1.14625
-99.613,-231.617,971.425,-5.22375,-0.2275,1.00625
-68.869,-261.141,982.771,-6.11625,-1.02375,0.5075
-92.476,-291.458,984.296,-4.97875,-0.6475,-0.4375
-104.371,-262.849,983.381,-3.535,-0.91,0.18375
-54.656,-278.465,978.257,-3.05375,-1.56625,0.81375
-89.365,-264.496,1002.72,-2.38875,-0.2975,-0.4725
-108.214,-246.135,976.976,-1.33,-0.28875,-1.155
-83.265,-268.095,988.2,-1.785,-1.33875,-0.455
-75.945,-279.38,988.322,-1.6625,-1.1025,-0.25375
-61.732,-272.121,990.457,-1.61,-0.67375,-0.3325
-76.982,-263.337,981.429,-1.21625,0.525,-0.56875
-90.036,-258.701,984.418,-0.805,0.67375,-0.0875
-85.888,-135.664,966.118,-2.24875,-0.1225,-0.41125
-90.768,-265.411,1012.36,-9.33625,-0.18375,-4.03375
-153.72,-313.418,994.971,-5.52125,-0.0875,-4.50625
-130.662,-341.722,946.72,-0.34125,-3.36,-2.9925
-50.081,-259.433,1031.33,0.35875,-6.23875,-1.435
-35.014,-294.264,955.443,4.50625,-3.36875,0.0525
-31.903,-349.835,1014.98,5.78375,-0.8925,2.87
-76.006,-239.73,974.414,10.15,1.7675,4.6375
-47.214,-215.269,969.656,7.035,0.88375,5.81875
-56.425,-233.569,987.773,1.42625,2.82625,3.26375
-163.785,-261.141,987.834,2.52,5.03125,0.56
-180.316,-261.629,964.715,2.89625,-0.735,0.2975
0.854,-284.626,1019.74,1.65375,-6.1075,1.32125
-71.187,-265.716,968.375,4.55875,-0.76125,-1.05875
-64.538,-285.724,1002.66,3.22875,0.86625,-0.1225
-77.714,-246.806,966.118,4.66375,1.11125,0.23625
-104.493,-248.941,1004.12,3.70125,0.7,0.69125
-93.025,-253.394,982.222,5.0225,0.60375,0.9275
-86.315,-269.132,987.895,4.89125,-0.20125,1.2775
-68.686,-252.357,969.046,6.0025,-0.09625,1.155
-67.161,-275.659,997.655,5.67875,0.1575,0.70875
-88.572,-238.51,977.037,6.79875,1.12,0.315
-91.561,-215.33,1010.77,4.62875,0.4025,0.23625
-74.603,-201.056,990.579,2.03,0.21875,-0.34125
-85.644,-254.797,988.322,0.805,0.72625,-0.23625
-98.515,-267.607,988.322,0.76125,0.76125,-0.25375
-82.167,-252.723,987.407,0.6125,0.06125,0.06125
-83.509,-246.074,977.586,1.05,0.2975,-0.1575
-79.056,-249.856,989.298,0.63,-0.13125,-0.175
-94.977,-228.994,990.213,0.8925,-0.06125,-0.34125
-110.837,-136.396,992.592,-0.70875,-0.49875,-0.34125
-95.221,-263.032,993.263,-4.52375,-1.47875,-0.3325
-76.86,-353.556,990.213,-3.92875,-2.1525,0.86625
-43.066,-252.967,988.139,-0.49875,-1.645,1.365
-49.105,-226.188,986.614,-0.46375,0.98875,0.46375
-93.696,-221.003,990.945,-0.98,2.16125,-0.07875
-124.196,-332.45,975.939,-0.0175,1.1725,0.5775
-83.997,-280.966,996.862,0.315,-1.47,1.58375
-77.165,-230.519,977.525,1.75875,-0.8925,0.9975
-54.534,-289.872,986.187,1.54875,0.35875,0.16625
-116.327,-256.322,985.76,2.8525,1.0675,-0.7175
-90.219,-272.304,999.546,3.43875,-0.0875,0.0875
-76.921,-214.171,985.089,2.4325,-0.1925,-0.77
-63.318,-223.077,965.752,0.9625,0.58625,-2.96625
-112.667,-253.943,1001.62,0.1925,-0.34125,-1.365
-125.66,-212.219,1015.04,1.015,-1.1375,0.58625
-18.971,-282.979,959.469,0.41125,-1.77625,1.61875
-26.84,-290.116,987.163,0.07875,0.0175,0.67375
-89.243,-219.478,1008.94,0.65625,2.31875,-0.49875
-134.444,-242.353,992.958,1.1375,3.19375,-0.4725
-108.702,-293.105,961.238,1.07625,0.90125,0.41125
-102.48,-235.765,1007.54,0.0175,-1.98625,0.51625
-86.986,-225.883,992.592,0.98875,-1.4,0.105
-82.533,-254.309,986.248,0.7875,-0.86625,-0.42
-72.956,-252.662,972.95,0.67375,-1.18125,0.2275
-63.562,-221.674,1000.4,-1.6625,-1.4525,0.385
-59.414,-267.424,979.66,-1.12,0.67375,0.035
-87.535,-305.61,973.743,0.2275,1.8725,-0.8925
-126.514,-238.388,988.017,0.4725,-0.035,-0.9625
-65.148,-334.219,1024.92,0.4725,-2.35375,0.6825
-86.376,-96.38,960.445,4.33125,0.00875,1.05
-15.86,-349.652,1025.65,-1.46125,0.4025,1.04125
-144.936,-207.4,967.704,2.8175,3.6925,0.0175
-115.168,-293.593,997.899,-0.21875,-0.035,0.2975
-68.381,-217.038,954.223,1.4,-1.19875,0.2975
-75.945,-271.084,997.899,0.41125,-1.12,-0.735
-87.779,-250.161,979.721,1.1025,-0.6825,-0.385
-87.901,-248.453,1004.06,0.56875,-0.735,0.14
-67.588,-249.551,987.712,0.70875,0.0525,0.67375
-88.084,-251.869,990.823,0.63875,0.74375,0.44625
-83.753,-251.991,992.47,0.455,0.23625,0.48125
-89.487,-247.782,995.825,0.46375,-0.35,0.14875
-66.246,-260.409,981.368,0.595,-0.63,0.3325
-61.061,-264.74,985.089,0.55125,0.02625,0.51625
-73.017,-268.461,980.941,0.95375,1.37375,0.74375
-94.55,-245.098,994.971,0.76125,1.8375,0.60375
-120.048,-242.963,987.956,0.98,1.47875,0.42
-100.345,-250.405,986.126,0.735,-0.0525,0.46375
-102.724,-235.033,993.385,0.62125,-0.9625,0.0875
-67.405,-248.819,996.191,0.60375,-1.61,0.42875
-50.996,-251.259,983.564,0.63875,-0.70875,1.0675
-66.185,-244.427,1008.02,-0.44625,1.0675,1.925
-91.378,-249.917,957.7,-0.0175,2.5025,2.19625
-72.224,-266.936,990.274,-0.58625,1.26,2.5375
-107.604,-264.618,989.664,0.735,1.26,0.51625
-125.599,-227.469,983.503,0.7,-0.56,-1.04125
-53.07,-252.052,987.712,-1.00625,-2.42375,-1.23375
-67.893,-284.809,1000.7,-1.40875,-0.37625,-0.84
-101.321,-268.4,967.338,1.015,2.02125,0.20125
-111.447,-118.035,997.228,-1.015,0.25375,0.67375
4.331,-329.4,982.588,-6.9475,-0.51625,-0.56
-128.954,-227.469,1017.05,-6.85125,2.51125,-1.8725
-126.27,-213.927,927.505,-6.0025,1.6275,-1.6625
-62.22,-277.611,1035.6,-8.82,-1.925,-0.7175
-125.05,-236.558,963.861,-6.09,0.06125,-1.25125
-82.716,-253.577,1005.04,-7.4375,-1.505,-1.05875
-71.919,-260.897,974.536,-6.6325,-1.3475,-1.575
-84.851,-251.503,1005.89,-7.11375,-1.44375,-1.51375
-89.121,-250.588,977.83,-6.4575,-1.12875,-1.225
-72.651,-249.368,987.59,-6.3175,-0.93625,-0.91
-66.673,-309.331,993.873,-6.36125,-0.0525,-1.3125
-130.296,-271.633,979.416,-6.055,0.69125,-1.75875
-85.888,-283.162,957.7,-7.0175,-1.12,-1.26875
-59.048,-293.41,1008.7,-7.7525,-1.7325,-0.8925
-106.201,-244.732,954.345,-5.46,-0.09625,-1.855
-89.243,-321.043,1006.07,-6.9125,-1.715,-2.24
-99.125,-198.128,975.207,-5.0575,-2.975,-0.9275
-51.911,-274.256,985.577,-6.3175,-2.9925,0.58625
-32.757,-302.194,1005.04,-5.81875,-0.70875,1.015
-89.243,-287.188,964.471,-4.4625,0.9275,0.42
-79.849,-305,973.316,-4.6725,0.65625,0.55125
-94.306,-292.19,977.708,-4.38375,0.21,-0.11375
-94.367,-280.966,973.926,-4.05125,-0.69125,-0.79625
-88.511,-290.36,971.852,-3.955,-0.95375,-1.18125
-90.463,-289.994,992.043,-3.185,-0.8575,-0.7175
-79.971,-296.765,979.538,-1.98625,-1.1375,0.105
-77.897,-276.33,984.479,-1.61875,-0.525,-0.16625
-72.59,-24.766,970.876,-7.525,-1.785,-0.81375
-39.284,-549.732,1000.03,-15.3738,0,-2.56375
-252.906,-239.242,979.111,1.645,2.91375,-1.225
-29.829,-306.159,947.208,0.41125,-7.455,0.42875
-6.161,-358.436,1002.96,0.35,-5.24125,-1.07625
-93.086,-282.796,987.285,1.5925,-0.84875,-1.74125
-46.421,-255.285,991.799,0.28875,-0.665,-0.49875
-79.971,-288.774,974.292,1.40875,0.51625,0.245
-112.179,-342.088,982.1,2.94875,0.0875,1.19875
-77.653,-370.636,985.394,6.71125,-0.8925,2.79125
-60.939,-360.51,968.314,12.2325,-0.0175,3.61375
-91.805,-19.032,974.353,10.4475,-0.20125,2.61625
-40.077,-343.674,945.866,-0.7525,0.51625,0.06125
-61.976,-331.291,1030.11,1.785,1.46125,-0.0525
-154.452,-268.278,949.831,4.24375,1.42625,-1.77625
-56.791,-305,998.631,2.68625,-1.47875,0.34125
-76.311,-282.979,974.17,4.2525,-1.28625,0.21875
-46.299,-254.431,991.677,4.38375,-0.6475,1.085
-69.113,-261.568,977.22,3.87625,1.05,0.77875
-69.418,-284.26,981.002,2.695,1.91625,1.11125
-90.707,-319.762,973.011,3.50875,2.0825,1.3825
-105.957,-312.991,991.982,5.88875,1.295,1.995
-92.781,-321.409,975.39,8.5925,0.46375,2.1175
-76.86,-246.501,965.691,9.52,0.21875,1.25125
-48.19,-255.712,985.089,5.08375,0.13125,-0.23625
-89.06,-254.004,988.383,1.68875,1.4875,-2.02125
-93.574,-215.269,969.778,0.79625,0.805,-1.95125
-114.619,-244.61,1011.87,-0.04375,-0.5425,-0.81375
-69.113,-245.891,973.255,1.04125,-1.4175,0.8575
-54.9,-267.912,989.908,0.4725,-0.74375,0.77
-51.362,-281.698,978.074,0.86625,1.11125,0.2625
-107.299,-222.467,998.021,0.245,2.05625,-0.86625
-119.743,-301.157,988.688,-0.595,1.4,-1.5225
-147.376,-281.82,965.691,0.8925,-0.76125,-0.63875
-47.458,-300.669,977.342,-0.84,-4.585,1.5225
-11.651,-251.747,984.235,-0.44625,-2.6775,1.26
-18.483,-257.42,1006.44,-2.72125,1.09375,0.32375
-94.489,-302.499,971.12,-0.56875,4.45375,-0.58625
-134.566,-310.307,988.322,1.4875,3.4475,0.63
-185.806,-248.88,959.835,2.31,-0.41125,1.5225
-61.183,-295.728,974.231,1.4175,-5.18875,2.58125
-12.932,-282.247,1008.45,1.72375,-3.96375,0.91
-53.131,-269.62,984.845,3.5525,0.455,-0.72625
-33.855,-265.472,999.302,-0.79625,1.5575,-2.03
-150.792,-234.484,937.692,1.05,4.305,-2.5725
-64.904,-288.591,1002.6,-0.7175,-0.56875,0.72625
-129.259,-276.452,984.784,1.2775,-0.42875,0.1925
-70.577,-297.192,980.453,0.455,-1.93375,0.28
-22.997,-283.894,968.192,0.30625,-0.98,0.07
-68.625,-249.246,1007.54,0.5775,1.82,0.34125
-139.934,-276.635,975.756,1.63625,2.82625,0.2975
-101.321,-279.441,988.871,0.3675,-0.6825,0.62125
-66.002,-264.008,990.274,0.735,-1.8725,0.07
-76.616,-274.744,968.253,1.12,-0.7525,-0.62125
-74.298,-271.206,977.098,0.56875,-0.56875,-0.48125
-64.355,-273.158,987.102,0.30625,-0.2275,0.37625
-80.337,-277.306,982.222,0.79625,0.6475,0.49875
-79.3,-297.741,981.124,0.67375,0.665,0.175
-98.027,-227.042,966.484,2.33625,0.875,-0.58625
-82.045,-259.433,1008.76,-0.9975,-0.805,-0.69125
-106.445,-272.487,988.505,-0.16625,-0.2975,-0.53375
-87.108,-294.447,989.359,-0.91,-1.30375,-0.07875
-45.933,-282.735,978.501,-0.39375,-1.42625,0.46375
-57.462,-289.323,985.089,0.49,0.245,0.245
-86.193,-273.158,973.011,0.97125,1.0325,0.0875
-85.461,-267.241,989.298,0.525,0.56875,0.1225
-90.28,-274.317,970.937,0.90125,0.46375,0.07875
-89.06,-274.256,979.233,0.62125,-0.27125,0.14875
-82.594,-272.731,983.076,0.6125,-0.60375,0.04375
-76.128,-277.733,990.213,0.60375,-0.42,-0.1575
-75.396,-273.646,988.322,0.70875,-0.02625,-0.23625
-78.873,-276.33,988.444,0.7,0.18375,-0.13125
-81.862,-278.221,976.976,0.76125,0.35875,-0.07875
-83.875,-276.94,979.355,0.62125,0.21875,-0.07
-75.945,-294.325,977.952,0.9975,0,0
-73.993,-296.765,984.967,2.14375,-0.04375,-0.04375
-91.317,-222.467,981.978,2.80875,0.175,-0.32375
-71.431,-284.016,989.847,0.7875,-0.34125,0.00875
-84.119,-289.689,975.329,1.8725,0.37625,0.4725
-85.095,-255.468,998.936,1.61,0.27125,0.98875
-90.89,-268.949,975.939,1.855,0.72625,0.8575
-76.677,-259.799,993.141,0.79625,-0.245,1.16375
-74.115,-276.757,979.782,0.8225,0.1925,0.735
-80.642,-264.191,971.669,0.56875,0.49,0.385
-91.317,-268.095,987.346,0.37625,0.42,0.16625
-97.173,-275.049,981.49,0.62125,-0.49875,0.28
-90.768,-230.214,989.908,-0.49875,-1.4875,0.4725
-69.845,-289.079,976.976,-1.44375,-1.12,0.49875
-55.449,-332.145,984.906,-0.21875,-0.245,0.39375
-72.529,-268.766,1001.38,0.6125,0.48125,0.2975
-108.336,-158.661,981.917,-3.3425,0.97125,-0.37625
-84.302,-122.671,954.833,-7.2975,0.93625,-0.90125
2.623,-352.458,1022.85,-10.7538,-0.1225,-0.1225
-185.074,-286.639,955.382,-6.88625,3.15,-0.665
-86.254,-261.995,1005.4,-8.28625,-0.7875,0.16625
-92.537,-282.43,959.957,-7.105,-1.715,-1.58375
-70.882,-313.906,985.211,-7.16625,-2.84375,-1.9775
-76.555,-299.754,977.403,-6.44875,-1.6275,-2.35375
-94.794,-252.479,999.973,-6.72,-1.40875,-1.96
-56.547,-300.364,983.015,-5.915,-1.93375,-0.16625
-50.508,-315.736,991.738,-4.48875,-0.23625,1.3475
-66.917,-303.475,952.515,-3.7625,1.63625,1.07625
-114.558,-325.984,971.486,-4.50625,1.19,-0.525
-94.977,-249.368,954.711,-4.025,-1.12875,-0.81375
-41.968,-317.627,997.716,-6.51875,-1.5575,-1.5575
-84.363,-293.349,960.567,-5.38125,0.62125,-1.925
-86.254,-297.131,999.241,-6.09,0.32375,-2.03
-83.57,-290.36,980.209,-5.27625,-0.44625,-1.9775
-78.69,-292.068,988.322,-5.2675,-0.84,-2.0825
-102.419,-250.283,982.649,-4.34875,-0.74375,-1.05
-31.232,-296.033,981.917,-5.4775,-1.79375,1.47
-66.673,-311.283,973.621,-4.8475,1.2775,1.96875
-109.129,-303.109,951.6,-4.15625,1.9775,1.58375
-106.811,-315.858,980.27,-4.8475,-0.0175,0.98875
-111.203,-316.041,976.366,-4.41875,-1.4175,-0.56
-82.472,-309.087,976.549,-4.27,-2.94,-1.77625
-61.122,-299.449,973.438,-3.99,-3.0975,-2.415
-62.647,-306.586,979.599,-2.80875,-2.10875,-1.6275
-41.053,-315.492,967.338,-2.58125,-1.19875,-0.4375
-81.13,-319.518,975.39,-1.96875,0.2975,-0.30625
-80.154,-323.361,972.767,-0.98,-0.13125,0.06125
-59.475,-264.252,990.213,-0.97125,-0.83125,0.665
-65.758,-42.395,953.308,-6.25625,-0.02625,-0.035
-60.878,-550.952,1007.48,-15.96,2.03875,-2.6075
-254.492,-287.31,952.637,2.3975,4.34,-1.46125
-43.676,-333.975,950.319,-0.1575,-7.20125,0.25375
-54.473,-371.856,1035.6,0.49,-5.145,-1.84625
-101.748,-263.581,919.758,3.38625,-2.0825,-2.17
22.387,-331.901,1021.57,0.86625,-3.98125,0.28
-70.211,-325.435,956.053,6.43125,1.14625,1.4175
-50.447,-426.573,993.446,9.77375,2.02125,3.68375
-71.614,-151.341,932.08,12.5213,2.7475,3.77125
-74.847,-382.531,1016.81,0.4025,2.26625,0.6125
-147.193,-268.034,950.929,3.19375,2.59,-0.49
-80.825,-314.882,959.713,1.19,-2.07375,0.385
-76.067,-289.079,984.967,3.115,-2.3975,0.51625
-49.959,-320.738,977.525,3.75375,-1.65375,0.7875
-47.458,-316.956,979.782,4.515,0.105,0.98
-58.194,-316.163,963.861,5.355,2.33625,1.33875
-100.345,-277.977,972.096,5.8625,2.93125,1.75
-110.959,-296.826,980.453,5.04,1.5925,1.75875
-109.678,-339.526,986.614,5.39875,-0.4375,1.19
-62.769,-324.032,964.715,7.8925,-1.82,1.7325
-42.334,-269.071,976.915,7.93625,-1.085,0.8575
-48.617,-293.288,969.229,6.97375,0.48125,0.3325
-64.721,-215.818,994.544,4.165,1.47875,0.14
-96.563,-273.585,973.682,1.51375,2.3625,-0.11375
-84.241,-308.477,976.915,0.56,1.46125,0.315
-93.513,-290.177,983.137,0.455,0.41125,0.00875
-97.112,-291.824,979.538,0.72625,0.035,-0.385
-80.764,-300.303,966.423,0.77875,-0.34125,-0.70875
-68.93,-316.651,981.246,0.525,-0.6125,-0.88375
-88.328,-250.649,971.425,0.58625,-0.11375,-1.015
-67.588,-320.067,979.782,-0.65625,-0.3325,-1.1375
-84.79,-271.206,970.022,0.805,-0.1225,-1.02375
-66.307,-286.395,988.078,-0.385,-0.91875,-0.595
-79.483,-264.801,981.246,-0.09625,-0.14875,-0.14875
-85.461,-279.38,991.982,-2.17,0.07,0.09625
-75.274,-322.751,978.013,-1.37375,0.315,1.015
-66.734,-300.669,983.076,0.8225,0.35,2.5025
-78.934,-287.615,963.495,1.56625,1.015,1.88125
-104.066,-300.608,975.634,1.30375,0.44625,0.9625
-87.413,-305.854,967.033,1.37375,-1.68875,0.98875
-71.614,-314.882,988.078,1.505,-1.58375,0.60375
-49.654,-313.784,973.499,2.2225,-0.18375,1.05875
-71.675,-240.828,974.292,2.695,1.2075,0.5075
-63.867,-371.795,987.651,0.35,1.785,-1.19
-147.62,-254.675,987.834,1.47,1.54,-2.31875
-104.676,-262.483,966.057,0.98,-1.505,-1.365
-31.415,-284.138,976,-0.18375,-3.43,-0.28
-54.656,-317.2,972.706,0.91875,-0.91875,-0.6475
-50.752,-303.963,972.462,0.65625,0.27125,0.53375
-55.388,-257.176,990.091,0.37625,1.60125,1.04125
-98.088,-297.436,987.102,0.72625,3.255,1.05
-140.239,-307.379,969.412,1.11125,1.89875,0.69125
-115.534,-283.345,976.61,0.49875,-1.5925,0.35875
-57.218,-301.645,969.229,0.5425,-2.765,-0.21
-51.057,-305.244,981.368,0.35,-1.8725,-0.69125
-60.451,-270.474,983.076,0.27125,-0.4725,-0.35
-65.636,-273.036,986.187,-0.7525,0.5425,0.42875
-73.139,-299.083,966.972,-0.9975,1.225,0.735
-100.589,-284.321,973.072,-0.56,0.95375,0.6825
-93.696,-282.125,985.272,-1.435,-0.595,0.6125
-58.316,-320.372,982.893,-0.98875,-0.74375,0.44625
-73.078,-297.009,977.83,0.04375,1.05875,-0.11375
-106.262,-289.262,973.682,-0.14875,0.83125,-0.5775
-68.93,-496.723,981.002,1.505,-0.51625,0.13125
-120.353,-40.626,964.105,5.41625,-1.12875,0.81375
20.313,-404.613,991.433,-3.045,-1.995,0.14
-119.438,-211.853,973.926,0.7175,2.58125,0.04375
-85.705,-287.371,951.234,0.4725,1.085,0.53375
-56.242,-351.909,1037.43,-1.3475,-0.945,1.05875
-122.305,-279.929,916.159,2.8,1.60125,-0.13125
-60.756,-315.187,1004.61,-0.79625,-1.365,0.02625
-93.147,-307.379,971.547,1.16375,-0.13125,-0.7
-86.681,-286.334,981.246,0.4725,-0.6475,-0.2975
-52.277,-288.225,965.386,0.77875,-0.385,0.105
-73.139,-299.205,994.422,0.21875,0.2975,-0.0875
-83.387,-291.58,966.179,1.23375,0.5425,-0.32375
-71.309,-309.88,976.061,0.665,-0.5075,-0.27125
-82.167,-313.235,968.375,1.505,-0.07,-0.21
-95.099,-337.452,990.701,2.52875,0.02625,0.35
-96.502,-224.48,966.118,4.655,-0.2625,1.155
-37.759,-300.974,1005.28,0.56875,-1.2425,0.9625
-76.799,-274.805,960.689,1.44375,1.46125,0.06125
-100.65,-283.04,994.056,0.42,0.9275,-0.0875
-82.899,-296.582,957.822,0.735,-0.2975,0.175
-63.989,-299.327,983.564,0.2625,-1.12,0.35
-74.054,-273.524,970.266,0.60375,0.32375,0.20125
-80.886,-275.415,994.91,-0.97125,0.5075,0.16625
-85.888,-270.291,967.338,-1.72375,0.60375,0.06125
-62.83,-383.019,992.348,-2.5375,0.41125,-0.14875
-132.492,-111.264,949.221,-1.07625,0.7175,-0.98
-23.607,-338.245,977.22,-7.6825,-1.47,-2.205
-48.373,-355.752,1024.37,-7.02625,-0.14,-1.26875
-145.302,-246.318,908.9,-4.48,2.2225,-1.1025
-19.459,-247.599,1049.26,-9.86125,-1.2075,0.86625
-129.259,-302.011,941.718,-6.41375,2.94,0.21
-104.432,-318.908,970.693,-7.49875,-0.21875,0.6475
-79.971,-324.154,971.364,-7.5775,-2.24,-1.33
-79.666,-314.638,980.453,-6.83375,-2.5025,-2.61625
-75.762,-305.244,966.606,-6.1425,-2.10875,-1.96
-62.22,-316.285,983.991,-5.60875,-1.4,-0.27125
-64.111,-318.664,983.381,-5.85375,-0.14875,-0.0875
-95.099,-315.431,976.305,-5.0925,0.44625,-0.385
-99.613,-229.726,974.963,-5.8975,-0.81375,-0.83125
-93.208,-313.906,976.366,-6.97375,-1.82875,-1.26875
-77.043,-322.08,964.41,-5.55625,-2.26625,-0.60375
-91.927,-316.468,968.375,-5.3025,-2.7825,-1.505
-42.7,-325.984,968.497,-5.6175,-3.78,-1.26
-37.149,-362.035,992.104,-5.62625,-1.61875,-0.91
-49.288,-326.716,953.674,-4.45375,0.25375,0.70875
-62.708,-332.877,972.95,-4.7775,1.88125,1.4175
-63.257,-330.132,969.778,-4.48875,2.59875,1.53125
-132.37,-329.034,958.188,-3.68375,2.695,0.60375
-104.127,-328.546,965.447,-3.4125,-0.5425,-0.32375
-76.86,-335.012,957.944,-3.01875,-1.56625,-1.35625
-94.306,-320.799,975.085,-2.3625,-1.785,-1.81125
-62.769,-311.649,970.266,-2.00375,-2.23125,-1.12
-69.906,-317.017,983.869,-1.7675,-1.46125,-0.385
-52.887,-317.871,971.242,-1.715,-0.595,0.4725
-55.144,-338.001,977.586,-2.1525,0.21875,0.3325
-71.797,-334.768,961.909,-1.575,0.805,-0.14
-84.851,-334.158,965.813,-1.53125,0.46375,-0.42
-79.178,-332.755,963.007,-1.1375,-0.18375,-0.46375
-79.91,-327.265,968.07,-0.74375,-0.44625,-0.4375
-77.958,-325.984,964.776,-0.1925,-0.35,-0.2625
-72.041,-326.045,971.364,-0.02625,-0.245,-0.035
-76.311,-322.08,967.582,0.48125,0.07,0.1575
-95.831,-302.926,982.954,0.6825,-0.0875,0.525
-94.977,-302.743,981.673,1.28625,-0.62125,1.015
-109.739,-307.44,983.869,1.8725,-1.00625,0.945
-74.847,-330.742,968.253,2.56375,-2.23125,0.69125
-50.325,-343.43,964.776,3.22,-2.47625,0.42875
-30.683,-365.451,943.487,3.5,-0.9275,-0.51625
-55.571,-338.733,967.46,2.94875,0.28875,-1.575
-86.254,-303.048,971.303,3.22,0.21875,-1.05875
-57.889,-323.849,975.939,2.8525,0.07875,0.8225
-80.154,-328.241,972.523,3.61375,0.84875,1.855
-68.503,-335.988,976.244,3.675,1.295,2.8175
-84.973,-329.095,962.153,4.0425,2.26625,2.7475
-101.565,-320.128,962.885,3.22,1.7325,1.645
-93.574,-339.648,962.031,3.38625,0.14,0.665
-88.694,-329.156,966.24,4.9,-1.54875,-0.21875
-58.804,-330.315,981.246,6.06375,-2.44125,-0.4025
-55.754,-303.841,973.133,7.2975,-1.07625,-0.0525
-45.079,-337.635,980.026,7.63,0.805,1.12
-73.871,-208.742,964.105,7.28875,2.2925,1.995
-58.804,-347.7,976.976,1.88125,2.12625,1.65375
-96.685,-303.963,972.34,0.7525,2.065,0.51625
-101.382,-289.689,963.556,0.51625,0.72625,-0.2625
-85.217,-326.106,966.911,0.56875,-0.665,-0.53375
-75.823,-319.03,963.495,0.49875,-1.435,-0.65625
-81.252,-250.1,984.845,0.83125,-0.90125,-0.385
-45.14,-382.958,970.327,-1.2075,-0.5775,0.0175
-87.718,-317.932,957.456,1.295,1.02375,0.34125
-63.257,-324.886,982.161,0.5075,0.315,0.11375
-105.164,-258.213,981.246,0.69125,0.595,-0.70875
-81.618,-394.365,985.882,-2.24,-0.8925,-1.3475
-86.132,-288.835,942.816,1.89,-1.0325,-1.14625
6.71,-344.406,981.551,-0.65625,-2.68625,-0.5075
-111.081,-250.344,971.852,2.5375,2.24875,-1.40875
-86.376,-297.924,966.118,1.65375,1.25125,-0.16625
-83.387,-337.086,992.531,0.2625,-0.37625,1.04125
-93.635,-278.953,944.158,2.02125,0.14875,1.12875
-74.969,-286.456,988.932,-0.805,-1.365,0.90125
-35.014,-362.584,956.785,-1.3475,-0.2275,-0.16625
-83.631,-446.276,983.137,0.53375,1.61,-0.98
-158.112,-98.515,939.217,6.36125,1.25125,-0.76125
-17.385,-427.793,1021.38,-3.56125,-3.21125,0.46375
-82.533,-299.388,965.203,1.53125,-0.035,-0.63875
-51.911,-300.303,956.602,-1.32125,-1.18125,-1.2075
-52.399,-331.718,964.776,-0.63,0.25375,-2.17
-90.341,-333.914,969.351,0.9275,0.49875,-1.015
-66.368,-397.659,995.886,3.01,0.32375,0.60375
-88.206,-181.048,996.252,1.14625,-0.30625,2.37125
-87.291,-299.449,927.2,1.33875,2.6775,2.31875
-17.324,-393.328,986.37,-0.595,0.98,2.37125
-186.233,-266.265,969.595,1.575,2.17875,0.27125
-99.552,-293.837,958.31,0.58625,-1.6975,-0.04375
-34.099,-348.066,977.952,-0.14,-3.59625,-0.95375
-46.238,-300.364,971.364,1.26,-1.5575,-1.18125
-82.96,-285.48,982.405,1.07625,0,-0.665
-60.451,-321.531,982.771,0.735,0.2275,0.7175
-65.453,-335.927,960.811,1.05875,0.7875,1.56625
-78.263,-329.4,965.386,1.0675,0.8575,1.53125
-72.956,-347.029,971.486,0.63875,0.70875,0.77
-76.616,-338.123,959.103,0.7525,0.7875,-0.455
-81.435,-309.331,957.395,1.2075,0.7175,-1.32125
-97.478,-245.098,974.597,1.14625,0.16625,-1.05875
-101.016,-288.103,987.285,0.55125,-0.55125,-0.49875
-69.418,-344.467,981.368,0.805,-1.14625,0.37625
-64.66,-353.129,953.552,1.18125,-1.39125,0.91
-35.746,-324.642,983.503,1.1375,-0.945,0.77
-74.725,-353.068,988.017,3.35125,1.96875,0.77875
-141.825,-184.281,928.603,5.4775,1.6625,1.33
6.588,-337.94,1015.16,-1.79375,-2.38,1.65375
-79.483,-348.127,994.849,-1.4,1.51375,-0.3325
-139.568,-292.007,901.031,2.45875,2.7825,-0.21
-27.511,-307.928,1020.16,-2.12625,-2.87,0.7525
-37.027,-221.918,936.594,-4.9,0.23625,-0.7525
-182.756,-261.019,944.097,-8.82875,2.26625,-2.79125
-37.088,-344.833,1041.64,-11.1563,-2.82625,-1.4525
-83.692,-305.183,942.267,-7.16625,0.04375,-1.89
-91.378,-293.349,982.71,-8.365,-0.74375,-1.60125
-85.156,-308.416,985.15,-8.58375,-1.3825,-0.53375
-79.91,-342.21,957.639,-7.30625,-1.5225,0.27125
-51.301,-375.821,963.861,-7.98875,-1.33875,0.525
-80.459,-373.93,969.168,-6.58875,-0.67375,-0.6825
-60.756,-318.237,923.784,-5.1975,-1.2775,-1.61875
-39.772,-322.568,1000.52,-6.5275,-1.2775,-1.70625
-92.232,-303.292,970.815,-6.0375,0.48125,-1.6625
-85.095,-352.153,975.878,-5.36375,-0.35,-0.32375
-86.193,-341.051,946.11,-4.76875,-0.21875,-0.9975
-72.407,-319.518,972.157,-5.94125,-0.5425,-1.5925
-101.016,-325.069,958.737,-5.27625,-0.0875,-1.96875
-34.831,-344.772,971.425,-5.74,-2.17875,0.0875
-98.088,-321.592,969.595,-4.52375,0.02625,0.28875
-75.274,-326.777,967.521,-4.50625,-1.7675,1.07625
-51.484,-356.484,960.506,-3.92,-1.37375,1.855
-92.171,-373.137,969.046,-2.93125,-0.4375,0.6475
-70.333,-354.715,952.515,-2.1525,-0.735,-0.525
-57.218,-355.02,975.451,-2.70375,-0.77875,-0.805
-60.207,-336.72,951.173,-1.91625,-0.09625,-0.49875
-79.788,-337.269,963.861,-2.03875,0.06125,-0.60375
-69.113,-337.147,965.142,-1.61,-0.51625,-0.5775
-76.372,-332.816,962.519,-1.3825,-0.245,-0.63
-84.607,-335.5,965.447,-1.295,-0.11375,-0.23625
-77.409,-336.476,954.406,-1.07625,-0.42875,0.13125
-77.836,-341.295,968.741,-1.12,-0.4375,0.30625
-77.897,-348.127,969.473,-0.53375,-0.46375,0.14875
-72.407,-345.687,968.985,-0.175,-1.085,-0.06125
-66.063,-349.103,970.022,0.04375,-1.60125,0.00875
-40.565,-305.793,943.304,-0.9975,-1.11125,-0.245
-100.711,-381.25,977.159,-2.24875,0.4375,-0.735
-70.272,-273.28,967.521,-0.735,-1.28625,1.02375
-46.055,-375.15,957.151,-2.49375,-0.0875,1.19
-114.253,-380.823,962.641,-0.2275,0.63,0.7175
-72.163,-274.5,944.097,2.0125,-1.365,-0.06125
-34.16,-390.217,978.074,-0.00875,-1.37375,-0.945
-85.339,-325.496,973.377,0.83125,-0.18375,-1.16375
-79.605,-381.494,956.602,0.76125,0.1225,-0.93625
-72.956,-331.474,976.793,1.295,-0.42875,-0.14
-68.198,-344.467,945.866,2.00375,0,0.30625
-40.87,-356.362,978.379,2.0825,-0.35,1.25125
-60.817,-337.452,950.929,3.36,0.81375,1.085
-74.359,-350.079,962.275,2.63375,1.085,0.79625
-89.304,-340.197,947.574,2.8875,0.65625,0.56875
-94.184,-346.846,966.484,2.47625,0.0525,0.53375
-70.943,-339.099,961.238,2.415,-0.315,0.5075
-72.224,-353.739,969.9,2.1525,-0.04375,0.07
-53.924,-356.85,959.713,2.8175,-0.0525,0.07
-61.549,-360.937,960.14,4.1475,0.25375,0.30625
-49.593,-329.644,964.837,4.55875,0.1925,0.81375
-71.431,-376.37,960.872,4.76875,1.4,0.7875
-72.712,-374.906,962.031,5.985,1.23375,1.4175
-93.574,-347.883,963.678,7.1225,1.07625,1.2075
-77.836,-261.629,952.149,8.085,0.67375,1.7675
-59.475,-273.768,1000.28,3.71,0.25375,0.8925
-115.229,-342.271,948.123,1.9075,1.18125,-0.7
-33.977,-336.903,965.325,0.25375,-1.18125,-0.2625
-78.812,-338.123,956.602,0.95375,0.79625,-0.93625
-107.421,-327.997,971.242,0.56875,0.175,-0.7
-50.203,-317.627,968.192,0.56875,-0.7525,-0.32375
-62.952,-337.33,972.767,0.5425,0.28,-0.62125
-86.559,-298.412,961.97,0.77,0.37625,-0.6825
-55.998,-361.181,966.24,-0.6475,-0.875,-0.2625
-67.893,-329.644,959.652,0.63875,-0.23625,0.28875
-68.625,-339.16,966.789,0.5775,0.21,0.65625
-97.905,-305.793,975.085,0.1925,0.6125,0.245
-90.768,-399.977,986.553,-1.88125,-0.1925,-0.18375
-83.143,-320.189,922.076,1.86375,0.0175,-0.07875
14.396,-357.46,984.296,-0.63875,-1.77625,0.25375
-132.309,-298.168,948.001,2.8,2.8175,-1.61
-124.928,-311.344,990.091,1.70625,-0.0875,-0.69125
-43.554,-358.863,961.848,0.84,-2.8175,1.26875
-17.263,-343.186,976.061,0.4725,-1.225,0.97125
-73.688,-301.401,957.761,0.77875,2.2225,-0.3325
-102.846,-297.131,947.208,-0.1575,2.03875,-0.49
-86.498,-353.251,985.15,-3.2025,-0.83125,-0.7525
-85.461,-350.201,937.57,0.77875,-0.79625,-0.86625
-52.704,-366.915,999.851,-0.37625,-2.17875,0.1925
-68.808,-320.311,933.91,1.995,0.1225,0.3325
-33.062,-336.415,996.557,-0.5075,-0.30625,0.6475
-109.983,-358.68,966.484,1.44375,2.09125,0.245
-104.798,-316.102,964.105,0.945,0.35875,0.70875
-58.133,-328.546,960.262,0.76125,-1.04125,0.805
-41.297,-345.931,943.304,0.6825,-0.4725,0.27125
-69.845,-341.539,973.926,0.42,0.16625,-0.07
-92.781,-318.054,956.785,0.74375,0.1575,-0.55125
-50.63,-369.172,987.163,-0.09625,-0.46375,-0.1575
-90.585,-257.481,908.168,5.73125,1.3475,0.1925
-40.199,-404.674,1075.67,-2.45,-1.155,0.945
-177.815,-282.247,912.743,3.08875,2.9575,0.21875
-3.721,-357.155,941.657,-0.8925,-2.35375,1.0675
-30.927,-365.146,972.096,-0.1225,-0.16625,0.13125
-132.736,-326.106,956.724,1.65375,1.23375,-0.63875
-66.612,-325.313,985.821,-0.06125,-1.1375,-0.105
-62.708,-345.199,961.36,0.8225,-0.09625,-0.0875
-73.2,-327.021,958.432,1.225,-0.14875,-0.0875
-79.91,-328.119,968.314,0.86625,0.13125,0.04375
-70.638,-330.742,969.412,0.5775,-0.13125,0.44625
-66.734,-333.609,968.558,0.6475,-0.1225,0.42875
-75.274,-330.315,966.179,0.5425,0.18375,0.1925
-69.906,-334.768,970.266,0.32375,-0.175,0
-74.542,-338.428,963.434,0.4725,0.035,-0.245
-82.106,-339.282,957.7,0.63,0.21875,-0.16625
-70.882,-334.829,959.286,0.63,-0.1225,0.20125
-63.257,-346.724,968.375,0.62125,-0.1225,0.385
-66.551,-354.166,965.325,1.12,0.1225,0.1925
-75.03,-344.101,963.983,1.56625,0.23625,-0.34125
-82.472,-321.348,965.325,1.91625,0.16625,-0.77
-72.163,-312.198,978.318,0.84875,-0.1575,-0.7175
-93.818,-333.914,959.408,1.18125,0.49875,-0.28
-49.593,-337.818,978.257,0.53375,-0.67375,0.51625
-78.629,-358.436,952.881,2.205,0.77,0.41125
-78.263,-305.854,961.726,3.08,-0.1575,0.58625
-56.791,-310.185,961.848,1.46125,-0.34125,0.39375
-85.4,-309.148,950.685,1.11125,0.23625,0.27125
-71.98,-312.137,997.838,-1.95125,-0.7,-0.315
-81.069,-425.048,940.254,0.76125,0.7,-0.6475
-41.419,-336.659,1010.53,-0.27125,-0.86625,-0.13125
-84.485,-216.123,926.895,-4.33125,0.665,-1.60125
-104.432,-278.831,955.809,-7.77,0.00875,-2.02125
-23.485,-345.626,990.64,-7.805,-1.7675,-1.2775
-120.597,-294.081,996.374,-7.18375,-0.14875,-1.54875
-93.086,-353.495,925.065,-6.76375,-0.245,-0.665
-2.074,-340.441,953.43,-10.2463,-2.38875,0.21875
-123.342,-331.23,965.142,-8.75875,1.0675,-1.60125
-95.221,-407.602,972.95,-8.58375,-1.505,-1.53125
-31.293,-350.689,955.077,-6.44875,-1.575,-0.7525
-66.246,-408.578,966.423,-4.85625,0.1225,-1.28625
-94.184,-321.592,976.488,-3.2025,-0.49875,-0.30625
-56.425,-338.977,961.421,-3.26375,-1.25125,0.77
-82.838,-393.816,967.887,-1.54875,0.21,0.67375
-70.638,-364.902,947.635,-0.14875,-0.67375,-0.63
-58.621,-362.096,935.252,-0.455,-0.13125,-0.93625
-55.937,-376.37,973.377,-0.56875,-0.46375,-0.25375
-78.141,-388.448,954.772,1.26875,0.28875,-0.3325
-111.874,-291.641,961.177,3.92875,-0.02625,0.14875
-47.641,-341.966,983.076,2.28375,-2.4325,0.69125
-74.359,-331.108,948.184,3.84125,-0.16625,0.735
-67.039,-314.638,987.224,3.42125,-0.20125,1.18125
-43.127,-385.337,950.197,0.86625,-0.42875,1.12875
-83.753,-354.654,930.494,0.6475,1.12875,0.28875
-75.579,-367.098,953.064,-0.35,-0.16625,-0.77
-47.885,-344.772,966.24,-0.02625,-0.315,-1.645
-106.567,-322.995,971.364,0.62125,0.49875,-1.6975
-85.339,-329.034,996.679,0.25375,-0.60375,0.46375
-37.637,-357.948,951.6,1.4175,-1.155,2.75625
-51.057,-342.393,970.205,1.435,-0.2275,3.185
-86.01,-362.645,960.201,1.4875,1.39125,2.4325
-120.414,-325.069,926.285,1.365,0.735,-0.175
-26.23,-350.079,976.122,-0.0175,-1.575,-1.2075
-59.292,-353.922,953.186,0.9625,0.49,-1.84625
-82.777,-353.312,969.595,1.0675,0.7175,-1.295
-84.607,-366.61,953.796,1.63625,0.34125,-0.49
-58.011,-359.229,966.057,2.14375,-0.2975,0.2275
-71.736,-347.7,960.018,2.44125,0.23625,0.42
-68.076,-355.569,968.924,2.23125,0.04375,0.90125
-62.159,-347.7,951.051,2.38,0.2625,0.83125
-72.712,-346.175,961.238,2.05625,0.55125,0.20125
-75.396,-337.391,961.665,1.91625,0.37625,-0.18375
-76.738,-338.184,968.009,1.6975,0.2625,-0.04375
-78.507,-333.914,962.641,1.5925,0.1925,0.21
-78.324,-328.485,967.643,1.07625,-0.09625,0.27125
-67.283,-340.075,961.055,0.67375,-0.28,0.62125
-70.272,-350.994,962.58,0.42,-0.07875,0.90125
-64.233,-357.399,948.916,0.5425,0.02625,0.665
-68.686,-345.626,957.517,0.28,0.27125,-0.02625
-85.4,-338.733,963.8,0.21875,0.20125,-0.5075
-67.771,-330.132,967.094,0.04375,-0.28,-0.56
-77.592,-331.291,970.998,-0.04375,-0.00875,-0.3325
-93.94,-350.75,956.602,0.0175,-0.2275,0.35875
-30.012,-348.432,972.34,-0.8225,-1.505,1.19
-76.86,-343.552,962.763,-0.2625,0.60375,0.8225
-87.108,-348.493,969.046,-0.58625,-0.0175,0.5425
-52.277,-352.397,938.79,-0.315,-0.06125,-0.41125
-90.829,-354.593,963.434,-0.7,0.55125,-1.60125
-60.512,-333.792,948.001,-0.385,-0.28,-1.47
-72.834,-360.083,966.972,-0.90125,0.39375,-1.75875
-110.41,-320.738,964.593,-0.7,0.1925,-1.89875
-63.196,-330.132,976.122,-1.04125,-1.58375,0.1575
-28.487,-360.876,969.778,-0.60375,-1.155,1.91625
-92.781,-387.045,948.855,0.3675,0.91875,1.0325
-80.947,-353.312,967.277,0.25375,-0.34125,0.07875
-53.192,-351.543,953.003,0.93625,-0.35875,-0.37625
-66.246,-350.567,969.351,0.8225,0.02625,0.035
-74.115,-331.413,960.811,0.9975,0.14875,0.42
-70.455,-339.953,963.251,0.76125,-0.04375,0.09625
-76.921,-341.478,963.434,0.27125,-0.02625,-0.39375
-79.178,-322.751,949.038,0.35875,0.11375,-0.14875
-70.089,-347.395,969.351,-0.175,-0.35,0.7
-78.995,-356.789,959.53,0.46375,0.16625,0.875
-81.191,-354.349,956.053,0.58625,-0.09625,0.65625
-57.34,-362.584,955.504,0.7175,-0.7175,0.32375
-50.691,-376.553,955.626,0.77,-0.39375,-0.13125
-73.566,-354.532,969.168,0.60375,0.13125,-0.5775
-82.106,-338.062,970.876,0.56,0.14875,-0.88375
-65.88,-354.593,969.412,0.53375,-0.175,-0.84875
-55.266,-339.77,953.918,0.62125,0.16625,-0.28
-81.801,-329.034,965.081,0.4025,0.70875,0.09625
-75.518,-339.831,954.528,0.53375,0.04375,0.4025
-53.07,-341.234,956.663,0.3325,-0.245,0.06125
-87.047,-346.297,954.162,0.32375,0.42,-0.58625
-83.692,-340.258,958.737,0.035,-0.35875,-0.4025
-79.422,-348.066,963.068,-0.175,-0.42,-0.09625
-78.934,-358.558,966.179,-0.4025,-0.32375,0.20125
-61,-359.473,968.985,-0.595,-0.35,0.00875
-61.183,-354.593,966.057,-0.3325,0.06125,-0.7525
-53.314,-357.399,966.301,-0.28875,-0.02625,-1.61875
-68.686,-336.781,951.295,0.00875,0.2275,-1.8025
-70.882,-333.548,967.704,-0.95375,-0.34125,-0.63
-85.339,-329.034,955.016,-0.84,-0.0525,1.54875
-69.113,-367.098,958.676,-0.81375,-0.41125,2.37125
-73.505,-367.22,950.685,-0.44625,0.175,0.9275
-96.624,-337.147,978.928,-0.21,0.09625,-0.74375
-58.682,-335.744,965.996,0.76125,-0.79625,-0.72625
-61.488,-346.419,959.652,0.77,-0.3325,-0.00875
-96.38,-354.898,956.907,0.69125,0.30625,-0.1225
-48.922,-355.081,951.173,0.5075,-0.93625,0.0525
-61.549,-355.386,963.129,0.385,0.21875,0.37625
-72.895,-354.593,966.911,0.49875,0.28,0.93625
-54.107,-359.351,958.798,0.7,-0.0875,0.86625
-75.396,-358.863,955.748,1.0325,0.27125,0.385
-69.784,-360.327,959.469,1.00625,-0.35875,0.56
-69.357,-376.004,961.604,1.015,-0.21,0.70875
-89.304,-347.944,960.628,0.875,0.32375,0.07
-94.062,-335.988,956.175,0.74375,0.2975,-0.9975
-55.327,-322.873,951.905,0.44625,-0.21,-1.77625
-66.795,-337.147,957.517,0.28,0.27125,-1.35625
-61.915,-348.493,961.604,0.28875,-0.18375,-0.35875
-71.675,-362.889,960.689,0.37625,-0.14875,-0.48125
-79.849,-348.676,961.36,0.60375,-0.385,-0.98
-85.156,-351.665,968.924,0.5775,-0.6125,-0.63875
-76.982,-364.658,960.872,0.84875,-0.93625,-0.035
-37.881,-349.652,970.571,0.62125,-0.70875,0.42
-56.669,-348.798,970.083,1.02375,0.91,0.23625
-65.209,-342.027,951.478,1.4175,0.97125,1.015
-65.453,-348.31,964.166,1.365,-0.16625,1.82875
-61.915,-359.717,942.511,2.0125,0.1925,2.1
-91.622,-364.78,964.776,1.96,0.7,2.0475
-98.332,-363.621,954.284,2.87,0.62125,1.21625
-79.849,-363.804,970.327,2.77375,0.0525,-0.2625
-63.013,-351.482,959.103,3.0625,0.37625,-1.3125
-44.042,-351.848,959.286,2.93125,0.21,-0.9975
-76.006,-352.519,944.341,3.57,0.98875,-1.2075
-79.422,-354.776,976.122,2.625,0.35875,-1.91625
-77.653,-350.14,953.064,3.08875,0.2975,-2.33625
-83.021,-313.967,968.436,2.345,-0.5425,-2.2225
-63.684,-314.394,971.974,1.67125,-0.5775,-1.505
-60.146,-332.206,953.979,1.63625,-0.04375,-0.53375
-50.996,-355.447,972.95,1.02375,-0.105,0.55125
-48.373,-357.521,964.532,1.33875,0.805,1.2775
-68.503,-357.643,964.898,1.49625,1.9075,1.4525
-116.083,-322.324,952.759,2.35375,2.205,1.30375
-102.968,-373.015,964.105,2.63375,0.02625,1.81125
-55.937,-318.725,957.639,2.765,-0.97125,1.3125
-70.638,-347.273,968.741,2.84375,0.1925,0.46375
-78.446,-360.144,939.705,2.87,0.23625,0.04375
-40.626,-345.443,960.201,1.4525,-0.77,0.16625
-70.15,-344.04,957.395,1.2425,0.28875,-0.6475
-96.258,-339.404,981.673,0.90125,0.11375,-0.91875
-77.226,-325.13,976.122,1.19875,-0.72625,-0.09625
-65.758,-334.951,968.619,1.1725,-0.5075,0.8225
-64.477,-345.138,952.881,1.14625,-0.00875,1.26
-70.76,-353.068,952.21,0.81375,-0.00875,0.9275
-54.229,-345.687,955.382,0.63875,-0.1575,0.2625
-75.091,-343.491,960.262,0.49875,0.3675,-0.6825
-78.324,-333.426,958.615,0.5425,0.07,-0.84
-76.067,-333.182,968.863,0.4375,-0.04375,-0.42875
-81.008,-339.526,970.815,0.5425,0.00875,0.20125
-66.185,-351.543,971.181,0.51625,-0.2275,0.7175
-62.586,-353.129,962.275,0.67375,0.0875,0.65625
-68.503,-352.946,955.016,0.6475,0.28,0.2625
-68.198,-350.018,956.297,0.595,0.175,-0.16625
-72.712,-345.626,963.068,0.56875,0.175,-0.46375
-74.115,-338.367,964.898,0.735,0.14,-0.41125
-76.677,-332.938,961.482,0.84,0.1575,-0.14
-79.422,-334.829,957.944,0.83125,0.0875,0.18375
-72.956,-344.528,959.164,0.63,-0.14875,0.3325
-73.2,-351.787,964.349,0.49,-0.1225,0.2625
-72.59,-355.508,966.789,0.4725,-0.14875,-0.035
-68.93,-348.92,965.63,0.56875,-0.11375,-0.30625
-71.248,-344.101,963.129,0.67375,-0.00875,-0.42875
-66.673,-339.648,960.018,0.8225,-0.06125,-0.23625
-62.83,-339.282,963.129,0.7875,-0.02625,0.07875
-63.379,-342.698,963.922,0.7875,0.1225,0.28
-69.601,-344.589,961.177,0.74375,0.25375,0.25375
-77.958,-345.321,958.92,0.63,0.32375,0.175
-84.546,-345.321,960.14,0.56875,0.21875,0.07
-85.339,-345.26,966.301,0.525,0.035,0.0175
-79.483,-346.785,965.203,0.6125,-0.1225,0.0525
-69.662,-343.674,960.14,0.77,-0.2625,0.02625
-66.063,-341.295,954.223,0.8225,-0.21,-0.105
-63.379,-343.064,954.589,0.7175,-0.2275,-0.21
-67.405,-345.016,962.763,0.665,-0.2625,-0.245
-72.895,-346.297,966.606,0.6825,-0.09625,-0.2275
-78.385,-346.358,967.704,0.74375,0.0175,0
-75.213,-344.223,966.24,0.76125,-0.035,0.105
-72.041,-343.979,963.068,0.83125,-0.0175,0.07
-66.307,-342.942,965.691,0.7525,-0.04375,-0.035
-64.111,-341.356,963.739,0.79625,-0.07875,-0.14875
-69.662,-340.929,960.811,0.70875,0.00875,-0.14875
-75.762,-341.905,955.87,0.67375,-0.0175,0.09625
-79.239,-344.65,958.493,0.5775,-0.0875,0.30625
-75.64,-348.188,964.776,0.56875,-0.07875,0.27125
-67.1,-349.042,969.534,0.595,0.0175,-0.00875
-66.002,-345.382,965.996,0.65625,0.245,-0.3325
-67.344,-339.343,960.811,0.63,0.2975,-0.455
-70.028,-338.855,961.665,0.56,0.20125,-0.21875
-75.884,-342.454,965.081,0.5425,0.02625,0.2275
-79.422,-348.005,966.24,0.65625,-0.02625,0.5425
-76.677,-350.323,959.469,0.805,0.0175,0.595
-73.627,-348.31,950.624,0.875,0,0.32375
-73.2,-344.162,951.844,0.74375,-0.0175,-0.14
-69.235,-341.661,960.75,0.63,-0.09625,-0.55125
-67.283,-338.672,970.632,0.53375,-0.105,-0.735
-73.322,-340.746,975.207,0.51625,-0.035,-0.5425
-70.821,-342.027,966.24,0.63875,-0.035,0.0525
-74.542,-344.589,960.75,0.58625,0.11375,0.56875
-77.775,-347.639,956.419,0.665,0.14875,0.77
-67.222,-350.689,963.129,0.5775,-0.07875,0.60375
-63.623,-351.665,961.177,0.735,0.07875,0.035
-70.333,-344.955,958.249,0.735,0.20125,-0.51625
-74.542,-336.964,953.369,0.72625,0.14875,-0.63875
-84.241,-338.794,962.336,0.55125,0.0175,-0.3675
-80.947,-339.587,969.473,0.60375,-0.1575,0.11375
-68.93,-344.528,970.754,0.595,-0.21875,0.41125
-67.344,-345.992,957.09,0.8575,0.04375,0.315
-64.05,-347.09,952.759,0.7175,0.02625,0.11375
-68.625,-344.467,954.101,0.58625,0.09625,-0.175
-74.664,-344.04,968.192,0.44625,0.02625,-0.28875
-76.616,-342.698,974.048,0.5425,0.06125,-0.21
-78.324,-341.661,970.205,0.6475,0.1925,-0.0175
-77.409,-342.515,959.408,0.735,0.20125,0.25375
-72.224,-347.334,952.82,0.69125,-0.00875,0.37625
-68.381,-350.689,953.125,0.63,-0.07,0.21
-67.893,-346.602,957.456,0.5425,-0.07875,-0.09625
-68.625,-342.637,962.092,0.60375,-0.105,-0.39375
-72.712,-341.356,962.397,0.69125,-0.105,-0.42
-77.104,-342.637,965.996,0.74375,-0.11375,-0.14
-76.189,-345.87,967.521,0.79625,-0.105,0.14
-72.346,-348.432,966.24,0.77875,0,0.245
-66.124,-345.626,965.203,0.6825,0.04375,0.09625
-66.185,-342.454,959.835,0.63,0.1575,-0.16625
-69.296,-341.478,959.164,0.5775,0.1225,-0.245
-74.115,-342.088,958.859,0.49875,0.11375,-0.0525
-83.997,-348.493,959.408,0.60375,0.07,0.2275
-70.699,-348.615,963.312,0.6475,-0.32375,0.42875
-71.248,-342.515,960.75,0.84,-0.0175,0.1225
-76.738,-344.65,966.24,0.79625,0.00875,-0.2975
-66.795,-344.65,962.153,0.7875,-0.13125,-0.42875
-72.895,-346.541,968.497,0.62125,-0.0175,-0.2625
-74.481,-345.992,962.702,0.63,0,0.035
-68.076,-341.295,962.458,0.5075,-0.07875,0.28875
-71.37,-341.478,959.225,0.6475,0.09625,0.21875
-69.235,-341.478,959.347,0.7,0.035,0.0875
-72.163,-344.955,961.787,0.83125,0.07,-0.11375
-75.457,-345.687,959.164,0.79625,0.07,-0.1925
-75.64,-344.467,959.53,0.67375,-0.04375,-0.09625
-76.677,-343.552,962.885,0.56875,-0.14875,-0.035
-76.738,-344.772,967.704,0.6125,-0.1575,0.105
-75.457,-344.894,969.229,0.63875,-0.13125,0.105
-69.174,-345.199,962.336,0.76125,-0.0175,-0.00875
-67.466,-344.223,955.016,0.81375,0,-0.16625
-65.941,-344.04,954.833,0.79625,0,-0.2625
-66.551,-343.857,959.042,0.70875,-0.0875,-0.1225
-73.322,-344.467,967.521,0.7175,-0.035,0.0525
-76.128,-343.735,969.107,0.665,0.02625,0.23625
-75.457,-342.393,961.36,0.69125,0.04375,0.28
-73.017,-340.075,957.212,0.70875,0.11375,0.1225
-71.37,-343.979,956.724,0.67375,0.09625,-0.0875
-67.893,-346.175,956.846,0.70875,0.0175,-0.25375
-70.211,-345.809,960.994,0.67375,-0.09625,-0.23625
-75.091,-344.711,960.201,0.70875,-0.14,-0.11375
-77.348,-345.565,967.765,0.63875,-0.20125,0.07875
-78.202,-347.517,970.022,0.6825,-0.175,0.245
-71.736,-349.103,970.266,0.7175,-0.09625,0.175
-66.307,-345.504,961.665,0.84875,0.0875,-0.105
-62.22,-343.003,955.687,0.805,0.11375,-0.3325
-63.257,-337.879,955.382,0.7175,0.0525,-0.41125
-72.468,-340.502,962.336,0.60375,-0.00875,-0.11375
-78.08,-341.783,968.192,0.595,-0.0875,0.30625
-79.178,-346.297,968.497,0.63875,-0.0175,0.5425
-78.568,-347.883,960.811,0.69125,0.04375,0.49875
-72.468,-349.408,954.955,0.7,0.06125,0.20125
-69.113,-349.652,953.735,0.74375,0.04375,-0.245
-66.612,-345.138,955.687,0.735,-0.02625,-0.5425
-69.601,-340.868,961.299,0.67375,-0.09625,-0.58625
-74.603,-339.099,965.203,0.735,-0.1925,-0.315
-76.433,-340.075,967.643,0.70875,-0.245,0.18375
-77.653,-345.748,967.948,0.76125,-0.13125,0.48125
-73.261,-351.909,965.508,0.7175,-0.07875,0.49
-64.355,-351.116,959.896,0.67375,0.07,0.11375
-63.989,-345.565,958.127,0.63,0.21,-0.3675
-65.697,-337.208,957.334,0.63875,0.13125,-0.63875
-70.821,-335.5,960.628,0.6825,0.06125,-0.48125
-74.42,-348.798,956.541,0.7,-0.0175,0.0875
-77.287,-325.496,963.495,-0.2625,-0.0875,0
-100.894,-323.239,958.371,-0.315,0.1225,0.4375
-66.734,-345.382,984.967,-0.48125,-0.93625,0.805
-78.934,-370.941,948.428,0.5775,0.105,0.455
-37.027,-362.218,965.02,-0.13125,-0.95375,0.665
-66.734,-334.89,950.014,0.315,0.56875,-0.315
-107.36,-344.162,982.588,-0.23625,0.1925,-0.86625
-48.373,-327.143,945.195,0.32375,-0.875,-0.1575
-73.139,-354.41,969.412,-0.20125,0.2275,0.23625
-84.058,-341.6,951.356,0.2625,0.07,0.69125
-68.076,-347.944,966.484,-0.1575,-0.39375,0.37625
-73.444,-346.419,958.31,0.14875,0,-0.35
-68.076,-346.724,967.948,-0.20125,-0.2275,-0.30625
-81.313,-340.197,966.728,-0.07875,-0.11375,-0.035
-88.084,-347.944,962.153,-0.14,-0.21875,0.385
-71.98,-352.641,952.21,0.035,-0.455,0.3675
-60.024,-355.691,959.652,-0.1225,-0.37625,-0.0175
-66.124,-338.184,960.689,0.25375,-0.07,-0.37625
-64.294,-341.295,965.02,0.25375,-0.1925,-0.16625
-64.294,-348.188,955.748,0.3675,-0.1575,0.13125
-76.494,-348.798,965.386,0.07,-0.04375,0.1225
-91.988,-348.066,965.935,0.09625,0.1575,-0.07
-74.786,-351.421,968.985,-0.105,-0.28875,0.035
-67.161,-348.371,961.055,0.04375,0.035,-0.0175
-71.309,-345.565,960.506,0.16625,0.14875,-0.1225
-61.732,-341.722,954.894,0.32375,-0.1225,-0.14875
-70.455,-349.774,958.127,0.39375,0.0175,-0.09625
-77.043,-349.835,957.944,0.5425,-0.20125,0.21
-77.348,-351.36,961.482,0.595,-0.2975,0.385
-77.775,-349.53,967.216,0.67375,-0.14,0.3675
-64.294,-341.295,965.02,0.25375,-0.1925,-0.16625
-64.294,-348.188,955.748,0.3675,-0.1575,0.13125
-76.494,-348.798,965.386,0.07,-0.04375,0.1225
-91.988,-348.066,965.935,0.09625,0.1575,-0.07
-74.786,-351.421,968.985,-0.105,-0.28875,0.035
-67.161,-348.371,961.055,0.04375,0.035,-0.0175
-71.309,-345.565,960.506,0.16625,0.14875,-0.1225
-66.124,-338.184,960.689,0.25375,-0.07,-0.37625
-64.294,-341.295,965.02,0.25375,-0.1925,-0.16625
-64.294,-348.188,955.748,0.3675,-0.1575,0.13125
-76.494,-348.798,965.386,0.07,-0.04375,0.1225
-91.988,-348.066,965.935,0.09625,0.1575,-0.07
-74.786,-351.421,968.985,-0.105,-0.28875,0.035
-67.161,-348.371,961.055,0.04375,0.035,-0.0175
-71.309,-345.565,960.506,0.16625,0.14875,-0.1225
-61.732,-341.722,954.894,0.32375,-0.1225,-0.14875
-70.455,-349.774,958.127,0.39375,0.0175,-0.09625
-77.043,-349.835,957.944,0.5425,-0.20125,0.21
-77.348,-351.36,961.482,0.595,-0.2975,0.385
-77.775,-349.53,967.216,0.67375,-0.14,0.3675
-64.294,-341.295,965.02,0.25375,-0.1925,-0.16625
-64.294,-348.188,955.748,0.3675,-0.1575,0.13125
-76.494,-348.798,965.386,0.07,-0.04375,0.1225
-91.988,-348.066,965.935,0.09625,0.1575,-0.07
-74.786,-351.421,968.985,-0.105,-0.28875,0.035
3
-84.607,-335.5,965.447,-1.295,-0.11375,-0.23625
-77.409,-336.476,954.406,-1.07625,-0.42875,0.13125
-77.836,-341.295,968.741,-1.12,-0.4375,0.30625
-77.897,-348.127,969.473,-0.53375,-0.46375,0.14875
-72.407,-345.687,968.985,-0.175,-1.085,-0.06125
-66.063,-349.103,970.022,0.04375,-1.60125,0.00875
-40.565,-305.793,943.304,-0.9975,-1.11125,-0.245
-100.711,-381.25,977.159,-2.24875,0.4375,-0.735
-70.272,-273.28,967.521,-0.735,-1.28625,1.02375
-46.055,-375.15,957.151,-2.49375,-0.0875,1.19
-114.253,-380.823,962.641,-0.2275,0.63,0.7175
-72.163,-274.5,944.097,2.0125,-1.365,-0.06125
-34.16,-390.217,978.074,-0.00875,-1.37375,-0.945
-85.339,-325.496,973.377,0.83125,-0.18375,-1.16375
-79.605,-381.494,956.602,0.76125,0.1225,-0.93625
-72.956,-331.474,976.793,1.295,-0.42875,-0.14
-68.198,-344.467,945.866,2.00375,0,0.30625
-40.87,-356.362,978.379,2.0825,-0.35,1.25125
-60.817,-337.452,950.929,3.36,0.81375,1.085
-74.359,-350.079,962.275,2.63375,1.085,0.79625
-89.304,-340.197,947.574,2.8875,0.65625,0.56875
-94.184,-346.846,966.484,2.47625,0.0525,0.53375
-70.943,-339.099,961.238,2.415,-0.315,0.5075
-72.224,-353.739,969.9,2.1525,-0.04375,0.07
-53.924,-356.85,959.713,2.8175,-0.0525,0.07
-61.549,-360.937,960.14,4.1475,0.25375,0.30625
-49.593,-329.644,964.837,4.55875,0.1925,0.81375
-71.431,-376.37,960.872,4.76875,1.4,0.7875
-72.712,-374.906,962.031,5.985,1.23375,1.4175
-93.574,-347.883,963.678,7.1225,1.07625,1.2075
-77.836,-261.629,952.149,8.085,0.67375,1.7675
-59.475,-273.768,1000.28,3.71,0.25375,0.8925
-115.229,-342.271,948.123,1.9075,1.18125,-0.7
-33.977,-336.903,965.325,0.25375,-1.18125,-0.2625
-78.812,-338.123,956.602,0.95375,0.79625,-0.93625
-107.421,-327.997,971.242,0.56875,0.175,-0.7
-50.203,-317.627,968.192,0.56875,-0.7525,-0.32375
-62.952,-337.33,972.767,0.5425,0.28,-0.62125
-86.559,-298.412,961.97,0.77,0.37625,-0.6825
-55.998,-361.181,966.24,-0.6475,-0.875,-0.2625
-67.893,-329.644,959.652,0.63875,-0.23625,0.28875
-68.625,-339.16,966.789,0.5775,0.21,0.65625
-97.905,-305.793,975.085,0.1925,0.6125,0.245
-90.768,-399.977,986.553,-1.88125,-0.1925,-0.18375
-83.143,-320.189,922.076,1.86375,0.0175,-0.07875
14.396,-357.46,984.296,-0.63875,-1.77625,0.25375
-132.309,-298.168,948.001,2.8,2.8175,-1.61
-124.928,-311.344,990.091,1.70625,-0.0875,-0.69125
-43.554,-358.863,961.848,0.84,-2.8175,1.26875
-17.263,-343.186,976.061,0.4725,-1.225,0.97125
-73.688,-301.401,957.761,0.77875,2.2225,-0.3325
-102.846,-297.131,947.208,-0.1575,2.03875,-0.49
-86.498,-353.251,985.15,-3.2025,-0.83125,-0.7525
-85.461,-350.201,937.57,0.77875,-0.79625,-0.86625
-52.704,-366.915,999.851,-0.37625,-2.17875,0.1925
-68.808,-320.311,933.91,1.995,0.1225,0.3325
-33.062,-336.415,996.557,-0.5075,-0.30625,0.6475
-109.983,-358.68,966.484,1.44375,2.09125,0.245
-104.798,-316.102,964.105,0.945,0.35875,0.70875
-58.133,-328.546,960.262,0.76125,-1.04125,0.805
-41.297,-345.931,943.304,0.6825,-0.4725,0.27125
-69.845,-341.539,973.926,0.42,0.16625,-0.07
-92.781,-318.054,956.785,0.74375,0.1575,-0.55125
-50.63,-369.172,987.163,-0.09625,-0.46375,-0.1575
-90.585,-257.481,908.168,5.73125,1.3475,0.1925
-40.199,-404.674,1075.67,-2.45,-1.155,0.945
-177.815,-282.247,912.743,3.08875,2.9575,0.21875
-3.721,-357.155,941.657,-0.8925,-2.35375,1.0675
-30.927,-365.146,972.096,-0.1225,-0.16625,0.13125
-132.736,-326.106,956.724,1.65375,1.23375,-0.63875
-66.612,-325.313,985.821,-0.06125,-1.1375,-0.105
-62.708,-345.199,961.36,0.8225,-0.09625,-0.0875
-73.2,-327.021,958.432,1.225,-0.14875,-0.0875
-79.91,-328.119,968.314,0.86625,0.13125,0.04375
-70.638,-330.742,969.412,0.5775,-0.13125,0.44625
-66.734,-333.609,968.558,0.6475,-0.1225,0.42875
-75.274,-330.315,966.179,0.5425,0.18375,0.1925
-69.906,-334.768,970.266,0.32375,-0.175,0
-74.542,-338.428,963.434,0.4725,0.035,-0.245
-82.106,-339.282,957.7,0.63,0.21875,-0.16625
-70.882,-334.829,959.286,0.63,-0.1225,0.20125
-63.257,-346.724,968.375,0.62125,-0.1225,0.385
-66.551,-354.166,965.325,1.12,0.1225,0.1925
-75.03,-344.101,963.983,1.56625,0.23625,-0.34125
-82.472,-321.348,965.325,1.91625,0.16625,-0.77
-72.163,-312.198,978.318,0.84875,-0.1575,-0.7175
-93.818,-333.914,959.408,1.18125,0.49875,-0.28
-49.593,-337.818,978.257,0.53375,-0.67375,0.51625
-78.629,-358.436,952.881,2.205,0.77,0.41125
-78.263,-305.854,961.726,3.08,-0.1575,0.58625
-56.791,-310.185,961.848,1.46125,-0.34125,0.39375
-85.4,-309.148,950.685,1.11125,0.23625,0.27125
-71.98,-312.137,997.838,-1.95125,-0.7,-0.315
-81.069,-425.048,940.254,0.76125,0.7,-0.6475
-41.419,-336.659,1010.53,-0.27125,-0.86625,-0.13125
-84.485,-216.123,926.895,-4.33125,0.665,-1.60125
-104.432,-278.831,955.809,-7.77,0.00875,-2.02125
-23.485,-345.626,990.64,-7.805,-1.7675,-1.2775
-120.597,-294.081,996.374,-7.18375,-0.14875,-1.54875
-93.086,-353.495,925.065,-6.76375,-0.245,-0.665
-2.074,-340.441,953.43,-10.2463,-2.38875,0.21875
-123.342,-331.23,965.142,-8.75875,1.0675,-1.60125
-95.221,-407.602,972.95,-8.58375,-1.505,-1.53125
-31.293,-350.689,955.077,-6.44875,-1.575,-0.7525
-66.246,-408.578,966.423,-4.85625,0.1225,-1.28625
-94.184,-321.592,976.488,-3.2025,-0.49875,-0.30625
-56.425,-338.977,961.421,-3.26375,-1.25125,0.77
-82.838,-393.816,967.887,-1.54875,0.21,0.67375
-70.638,-364.902,947.635,-0.14875,-0.67375,-0.63
-58.621,-362.096,935.252,-0.455,-0.13125,-0.93625
-55.937,-376.37,973.377,-0.56875,-0.46375,-0.25375
-78.141,-388.448,954.772,1.26875,0.28875,-0.3325
-111.874,-291.641,961.177,3.92875,-0.02625,0.14875
-47.641,-341.966,983.076,2.28375,-2.4325,0.69125
-74.359,-331.108,948.184,3.84125,-0.16625,0.735
-67.039,-314.638,987.224,3.42125,-0.20125,1.18125
-43.127,-385.337,950.197,0.86625,-0.42875,1.12875
-83.753,-354.654,930.494,0.6475,1.12875,0.28875
-75.579,-367.098,953.064,-0.35,-0.16625,-0.77
-47.885,-344.772,966.24,-0.02625,-0.315,-1.645
-106.567,-322.995,971.364,0.62125,0.49875,-1.6975
-85.339,-329.034,996.679,0.25375,-0.60375,0.46375
-37.637,-357.948,951.6,1.4175,-1.155,2.75625
-51.057,-342.393,970.205,1.435,-0.2275,3.185
-86.01,-362.645,960.201,1.4875,1.39125,2.4325
-120.414,-325.069,926.285,1.365,0.735,-0.175
-26.23,-350.079,976.122,-0.0175,-1.575,-1.2075
-59.292,-353.922,953.186,0.9625,0.49,-1.84625
-82.777,-353.312,969.595,1.0675,0.7175,-1.295
-84.607,-366.61,953.796,1.63625,0.34125,-0.49
-58.011,-359.229,966.057,2.14375,-0.2975,0.2275
-71.736,-347.7,960.018,2.44125,0.23625,0.42
-68.076,-355.569,968.924,2.23125,0.04375,0.90125
-62.159,-347.7,951.051,2.38,0.2625,0.83125
-72.712,-346.175,961.238,2.05625,0.55125,0.20125
-75.396,-337.391,961.665,1.91625,0.37625,-0.18375
-76.738,-338.184,968.009,1.6975,0.2625,-0.04375
-78.507,-333.914,962.641,1.5925,0.1925,0.21
-78.324,-328.485,967.643,1.07625,-0.09625,0.27125
-67.283,-340.075,961.055,0.67375,-0.28,0.62125
-70.272,-350.994,962.58,0.42,-0.07875,0.90125
-64.233,-357.399,948.916,0.5425,0.02625,0.665
-68.686,-345.626,957.517,0.28,0.27125,-0.02625
-85.4,-338.733,963.8,0.21875,0.20125,-0.5075
-67.771,-330.132,967.094,0.04375,-0.28,-0.56
-77.592,-331.291,970.998,-0.04375,-0.00875,-0.3325
-93.94,-350.75,956.602,0.0175,-0.2275,0.35875
-30.012,-348.432,972.34,-0.8225,-1.505,1.19
-76.86,-343.552,962.763,-0.2625,0.60375,0.8225
-87.108,-348.493,969.046,-0.58625,-0.0175,0.5425
-52.277,-352.397,938.79,-0.315,-0.06125,-0.41125
-90.829,-354.593,963.434,-0.7,0.55125,-1.60125
-60.512,-333.792,948.001,-0.385,-0.28,-1.47
-72.834,-360.083,966.972,-0.90125,0.39375,-1.75875
-110.41,-320.738,964.593,-0.7,0.1925,-1.89875
-63.196,-330.132,976.122,-1.04125,-1.58375,0.1575
-28.487,-360.876,969.778,-0.60375,-1.155,1.91625
-92.781,-387.045,948.855,0.3675,0.91875,1.0325
-80.947,-353.312,967.277,0.25375,-0.34125,0.07875
-53.192,-351.543,953.003,0.93625,-0.35875,-0.37625
-66.246,-350.567,969.351,0.8225,0.02625,0.035
-74.115,-331.413,960.811,0.9975,0.14875,0.42
-70.455,-339.953,963.251,0.76125,-0.04375,0.09625
-76.921,-341.478,963.434,0.27125,-0.02625,-0.39375
-79.178,-322.751,949.038,0.35875,0.11375,-0.14875
-70.089,-347.395,969.351,-0.175,-0.35,0.7
-78.995,-356.789,959.53,0.46375,0.16625,0.875
-81.191,-354.349,956.053,0.58625,-0.09625,0.65625
-57.34,-362.584,955.504,0.7175,-0.7175,0.32375
-50.691,-376.553,955.626,0.77,-0.39375,-0.13125
-73.566,-354.532,969.168,0.60375,0.13125,-0.5775
-82.106,-338.062,970.876,0.56,0.14875,-0.88375
-65.88,-354.593,969.412,0.53375,-0.175,-0.84875
-55.266,-339.77,953.918,0.62125,0.16625,-0.28
-81.801,-329.034,965.081,0.4025,0.70875,0.09625
-75.518,-339.831,954.528,0.53375,0.04375,0.4025
-53.07,-341.234,956.663,0.3325,-0.245,0.06125
-87.047,-346.297,954.162,0.32375,0.42,-0.58625
-83.692,-340.258,958.737,0.035,-0.35875,-0.4025
-79.422,-348.066,963.068,-0.175,-0.42,-0.09625
-78.934,-358.558,966.179,-0.4025,-0.32375,0.20125
-61,-359.473,968.985,-0.595,-0.35,0.00875
-61.183,-354.593,966.057,-0.3325,0.06125,-0.7525
-53.314,-357.399,966.301,-0.28875,-0.02625,-1.61875
-68.686,-336.781,951.295,0.00875,0.2275,-1.8025
-70.882,-333.548,967.704,-0.95375,-0.34125,-0.63
-85.339,-329.034,955.016,-0.84,-0.0525,1.54875
-69.113,-367.098,958.676,-0.81375,-0.41125,2.37125
-73.505,-367.22,950.685,-0.44625,0.175,0.9275
-96.624,-337.147,978.928,-0.21,0.09625,-0.74375
-58.682,-335.744,965.996,0.76125,-0.79625,-0.72625
-61.488,-346.419,959.652,0.77,-0.3325,-0.00875
-96.38,-354.898,956.907,0.69125,0.30625,-0.1225
-48.922,-355.081,951.173,0.5075,-0.93625,0.0525
-61.549,-355.386,963.129,0.385,0.21875,0.37625
-72.895,-354.593,966.911,0.49875,0.28,0.93625
-54.107,-359.351,958.798,0.7,-0.0875,0.86625
-75.396,-358.863,955.748,1.0325,0.27125,0.385
-69.784,-360.327,959.469,1.00625,-0.35875,0.56
-69.357,-376.004,961.604,1.015,-0.21,0.70875
-89.304,-347.944,960.628,0.875,0.32375,0.07
-94.062,-335.988,956.175,0.74375,0.2975,-0.9975
-55.327,-322.873,951.905,0.44625,-0.21,-1.77625
-66.795,-337.147,957.517,0.28,0.27125,-1.35625
-61.915,-348.493,961.604,0.28875,-0.18375,-0.35875
-71.675,-362.889,960.689,0.37625,-0.14875,-0.48125
-79.849,-348.676,961.36,0.60375,-0.385,-0.98
-85.156,-351.665,968.924,0.5775,-0.6125,-0.63875
-76.982,-364.658,960.872,0.84875,-0.93625,-0.035
-37.881,-349.652,970.571,0.62125,-0.70875,0.42
-56.669,-348.798,970.083,1.02375,0.91,0.23625
-65.209,-342.027,951.478,1.4175,0.97125,1.015
-65.453,-348.31,964.166,1.365,-0.16625,1.82875
-61.915,-359.717,942.511,2.0125,0.1925,2.1
-91.622,-364.78,964.776,1.96,0.7,2.0475
-98.332,-363.621,954.284,2.87,0.62125,1.21625
-79.849,-363.804,970.327,2.77375,0.0525,-0.2625
-63.013,-351.482,959.103,3.0625,0.37625,-1.3125
-44.042,-351.848,959.286,2.93125,0.21,-0.9975
-76.006,-352.519,944.341,3.57,0.98875,-1.2075
-79.422,-354.776,976.122,2.625,0.35875,-1.91625
-77.653,-350.14,953.064,3.08875,0.2975,-2.33625
-83.021,-313.967,968.436,2.345,-0.5425,-2.2225
-63.684,-314.394,971.974,1.67125,-0.5775,-1.505
-60.146,-332.206,953.979,1.63625,-0.04375,-0.53375
-50.996,-355.447,972.95,1.02375,-0.105,0.55125
-48.373,-357.521,964.532,1.33875,0.805,1.2775
-68.503,-357.643,964.898,1.49625,1.9075,1.4525
-116.083,-322.324,952.759,2.35375,2.205,1.30375
-102.968,-373.015,964.105,2.63375,0.02625,1.81125
-55.937,-318.725,957.639,2.765,-0.97125,1.3125
-70.638,-347.273,968.741,2.84375,0.1925,0.46375
-78.446,-360.144,939.705,2.87,0.23625,0.04375
-40.626,-345.443,960.201,1.4525,-0.77,0.16625
-70.15,-344.04,957.395,1.2425,0.28875,-0.6475
-96.258,-339.404,981.673,0.90125,0.11375,-0.91875
-77.226,-325.13,976.122,1.19875,-0.72625,-0.09625
-65.758,-334.951,968.619,1.1725,-0.5075,0.8225
-64.477,-345.138,952.881,1.14625,-0.00875,1.26
-70.76,-353.068,952.21,0.81375,-0.00875,0.9275
-54.229,-345.687,955.382,0.63875,-0.1575,0.2625
-75.091,-343.491,960.262,0.49875,0.3675,-0.6825
-78.324,-333.426,958.615,0.5425,0.07,-0.84
-76.067,-333.182,968.863,0.4375,-0.04375,-0.42875
-81.008,-339.526,970.815,0.5425,0.00875,0.20125
-66.185,-351.543,971.181,0.51625,-0.2275,0.7175
-62.586,-353.129,962.275,0.67375,0.0875,0.65625
-68.503,-352.946,955.016,0.6475,0.28,0.2625
-68.198,-350.018,956.297,0.595,0.175,-0.16625
-72.712,-345.626,963.068,0.56875,0.175,-0.46375
-74.115,-338.367,964.898,0.735,0.14,-0.41125
-76.677,-332.938,961.482,0.84,0.1575,-0.14
-79.422,-334.829,957.944,0.83125,0.0875,0.18375
-72.956,-344.528,959.164,0.63,-0.14875,0.3325
-73.2,-351.787,964.349,0.49,-0.1225,0.2625
-72.59,-355.508,966.789,0.4725,-0.14875,-0.035
-68.93,-348.92,965.63,0.56875,-0.11375,-0.30625
-71.248,-344.101,963.129,0.67375,-0.00875,-0.42875
-66.673,-339.648,960.018,0.8225,-0.06125,-0.23625
-62.83,-339.282,963.129,0.7875,-0.02625,0.07875
-63.379,-342.698,963.922,0.7875,0.1225,0.28
-69.601,-344.589,961.177,0.74375,0.25375,0.25375
-77.958,-345.321,958.92,0.63,0.32375,0.175
-84.546,-345.321,960.14,0.56875,0.21875,0.07
-85.339,-345.26,966.301,0.525,0.035,0.0175
-79.483,-346.785,965.203,0.6125,-0.1225,0.0525
-69.662,-343.674,960.14,0.77,-0.2625,0.02625
-66.063,-341.295,954.223,0.8225,-0.21,-0.105
-63.379,-343.064,954.589,0.7175,-0.2275,-0.21
-67.405,-345.016,962.763,0.665,-0.2625,-0.245
-72.895,-346.297,966.606,0.6825,-0.09625,-0.2275
-78.385,-346.358,967.704,0.74375,0.0175,0
-75.213,-344.223,966.24,0.76125,-0.035,0.105
-72.041,-343.979,963.068,0.83125,-0.0175,0.07
-66.307,-342.942,965.691,0.7525,-0.04375,-0.035
-64.111,-341.356,963.739,0.79625,-0.07875,-0.14875
-69.662,-340.929,960.811,0.70875,0.00875,-0.14875
-75.762,-341.905,955.87,0.67375,-0.0175,0.09625
-79.239,-344.65,958.493,0.5775,-0.0875,0.30625
-75.64,-348.188,964.776,0.56875,-0.07875,0.27125
-67.1,-349.042,969.534,0.595,0.0175,-0.00875
-66.002,-345.382,965.996,0.65625,0.245,-0.3325
-67.344,-339.343,960.811,0.63,0.2975,-0.455
-70.028,-338.855,961.665,0.56,0.20125,-0.21875
-75.884,-342.454,965.081,0.5425,0.02625,0.2275
-79.422,-348.005,966.24,0.65625,-0.02625,0.5425
-76.677,-350.323,959.469,0.805,0.0175,0.595
-73.627,-348.31,950.624,0.875,0,0.32375
-73.2,-344.162,951.844,0.74375,-0.0175,-0.14
-69.235,-341.661,960.75,0.63,-0.09625,-0.55125
-67.283,-338.672,970.632,0.53375,-0.105,-0.735
-73.322,-340.746,975.207,0.51625,-0.035,-0.5425
-70.821,-342.027,966.24,0.63875,-0.035,0.0525
-74.542,-344.589,960.75,0.58625,0.11375,0.56875
-77.775,-347.639,956.419,0.665,0.14875,0.77
-67.222,-350.689,963.129,0.5775,-0.07875,0.60375
-63.623,-351.665,961.177,0.735,0.07875,0.035
-70.333,-344.955,958.249,0.735,0.20125,-0.51625
-74.542,-336.964,953.369,0.72625,0.14875,-0.63875
-84.241,-338.794,962.336,0.55125,0.0175,-0.3675
-80.947,-339.587,969.473,0.60375,-0.1575,0.11375
-68.93,-344.528,970.754,0.595,-0.21875,0.41125
-67.344,-345.992,957.09,0.8575,0.04375,0.315
-64.05,-347.09,952.759,0.7175,0.02625,0.11375
-68.625,-344.467,954.101,0.58625,0.09625,-0.175
-74.664,-344.04,968.192,0.44625,0.02625,-0.28875
-76.616,-342.698,974.048,0.5425,0.06125,-0.21
-78.324,-341.661,970.205,0.6475,0.1925,-0.0175
-77.409,-342.515,959.408,0.735,0.20125,0.25375
-72.224,-347.334,952.82,0.69125,-0.00875,0.37625
-68.381,-350.689,953.125,0.63,-0.07,0.21
-67.893,-346.602,957.456,0.5425,-0.07875,-0.09625
-68.625,-342.637,962.092,0.60375,-0.105,-0.39375
-72.712,-341.356,962.397,0.69125,-0.105,-0.42
-77.104,-342.637,965.996,0.74375,-0.11375,-0.14
-76.189,-345.87,967.521,0.79625,-0.105,0.14
-72.346,-348.432,966.24,0.77875,0,0.245
-66.124,-345.626,965.203,0.6825,0.04375,0.09625
-66.185,-342.454,959.835,0.63,0.1575,-0.16625
-69.296,-341.478,959.164,0.5775,0.1225,-0.245
-74.115,-342.088,958.859,0.49875,0.11375,-0.0525
-83.997,-348.493,959.408,0.60375,0.07,0.2275
-70.699,-348.615,963.312,0.6475,-0.32375,0.42875
-71.248,-342.515,960.75,0.84,-0.0175,0.1225
-76.738,-344.65,966.24,0.79625,0.00875,-0.2975
-66.795,-344.65,962.153,0.7875,-0.13125,-0.42875
-72.895,-346.541,968.497,0.62125,-0.0175,-0.2625
-74.481,-345.992,962.702,0.63,0,0.035
-68.076,-341.295,962.458,0.5075,-0.07875,0.28875
-71.37,-341.478,959.225,0.6475,0.09625,0.21875
-69.235,-341.478,959.347,0.7,0.035,0.0875
-72.163,-344.955,961.787,0.83125,0.07,-0.11375
-75.457,-345.687,959.164,0.79625,0.07,-0.1925
-75.64,-344.467,959.53,0.67375,-0.04375,-0.09625
-76.677,-343.552,962.885,0.56875,-0.14875,-0.035
-76.738,-344.772,967.704,0.6125,-0.1575,0.105
-75.457,-344.894,969.229,0.63875,-0.13125,0.105
-69.174,-345.199,962.336,0.76125,-0.0175,-0.00875
-67.466,-344.223,955.016,0.81375,0,-0.16625
-65.941,-344.04,954.833,0.79625,0,-0.2625
-66.551,-343.857,959.042,0.70875,-0.0875,-0.1225
-73.322,-344.467,967.521,0.7175,-0.035,0.0525
-76.128,-343.735,969.107,0.665,0.02625,0.23625
-75.457,-342.393,961.36,0.69125,0.04375,0.28
-73.017,-340.075,957.212,0.70875,0.11375,0.1225
-71.37,-343.979,956.724,0.67375,0.09625,-0.0875
-67.893,-346.175,956.846,0.70875,0.0175,-0.25375
-70.211,-345.809,960.994,0.67375,-0.09625,-0.23625
-75.091,-344.711,960.201,0.70875,-0.14,-0.11375
-77.348,-345.565,967.765,0.63875,-0.20125,0.07875
-78.202,-347.517,970.022,0.6825,-0.175,0.245
-71.736,-349.103,970.266,0.7175,-0.09625,0.175
-66.307,-345.504,961.665,0.84875,0.0875,-0.105
-62.22,-343.003,955.687,0.805,0.11375,-0.3325
-63.257,-337.879,955.382,0.7175,0.0525,-0.41125
-72.468,-340.502,962.336,0.60375,-0.00875,-0.11375
-78.08,-341.783,968.192,0.595,-0.0875,0.30625
-79.178,-346.297,968.497,0.63875,-0.0175,0.5425
-78.568,-347.883,960.811,0.69125,0.04375,0.49875
-72.468,-349.408,954.955,0.7,0.06125,0.20125
-69.113,-349.652,953.735,0.74375,0.04375,-0.245
-66.612,-345.138,955.687,0.735,-0.02625,-0.5425
-69.601,-340.868,961.299,0.67375,-0.09625,-0.58625
-74.603,-339.099,965.203,0.735,-0.1925,-0.315
-76.433,-340.075,967.643,0.70875,-0.245,0.18375
-77.653,-345.748,967.948,0.76125,-0.13125,0.48125
-73.261,-351.909,965.508,0.7175,-0.07875,0.49
-64.355,-351.116,959.896,0.67375,0.07,0.11375
-63.989,-345.565,958.127,0.63,0.21,-0.3675
-65.697,-337.208,957.334,0.63875,0.13125,-0.63875
-70.821,-335.5,960.628,0.6825,0.06125,-0.48125
-74.42,-348.798,956.541,0.7,-0.0175,0.0875
-77.287,-325.496,963.495,-0.2625,-0.0875,0
-100.894,-323.239,958.371,-0.315,0.1225,0.4375
-66.734,-345.382,984.967,-0.48125,-0.93625,0.805
-78.934,-370.941,948.428,0.5775,0.105,0.455
-37.027,-362.218,965.02,-0.13125,-0.95375,0.665
-66.734,-334.89,950.014,0.315,0.56875,-0.315
-107.36,-344.162,982.588,-0.23625,0.1925,-0.86625
-48.373,-327.143,945.195,0.32375,-0.875,-0.1575
-73.139,-354.41,969.412,-0.20125,0.2275,0.23625
-84.058,-341.6,951.356,0.2625,0.07,0.69125
-68.076,-347.944,966.484,-0.1575,-0.39375,0.37625
-73.444,-346.419,958.31,0.14875,0,-0.35
-68.076,-346.724,967.948,-0.20125,-0.2275,-0.30625
-81.313,-340.197,966.728,-0.07875,-0.11375,-0.035
-88.084,-347.944,962.153,-0.14,-0.21875,0.385
-71.98,-352.641,952.21,0.035,-0.455,0.3675
-60.024,-355.691,959.652,-0.1225,-0.37625,-0.0175
-66.124,-338.184,960.689,0.25375,-0.07,-0.37625
-64.294,-341.295,965.02,0.25375,-0.1925,-0.16625
-64.294,-348.188,955.748,0.3675,-0.1575,0.13125
-76.494,-348.798,965.386,0.07,-0.04375,0.1225
-91.988,-348.066,965.935,0.09625,0.1575,-0.07
-74.786,-351.421,968.985,-0.105,-0.28875,0.035
-67.161,-348.371,961.055,0.04375,0.035,-0.0175
-71.309,-345.565,960.506,0.16625,0.14875,-0.1225
-61.732,-341.722,954.894,0.32375,-0.1225,-0.14875
-70.455,-349.774,958.127,0.39375,0.0175,-0.09625
-77.043,-349.835,957.944,0.5425,-0.20125,0.21
-77.348,-351.36,961.482,0.595,-0.2975,0.385
-77.775,-349.53,967.216,0.67375,-0.14,0.3675
-64.294,-341.295,965.02,0.25375,-0.1925,-0.16625
-64.294,-348.188,955.748,0.3675,-0.1575,0.13125
-76.494,-348.798,965.386,0.07,-0.04375,0.1225
-91.988,-348.066,965.935,0.09625,0.1575,-0.07
-74.786,-351.421,968.985,-0.105,-0.28875,0.035
-67.161,-348.371,961.055,0.04375,0.035,-0.0175
-71.309,-345.565,960.506,0.16625,0.14875,-0.1225
-66.124,-338.184,960.689,0.25375,-0.07,-0.37625
-64.294,-341.295,965.02,0.25375,-0.1925,-0.16625
-64.294,-348.188,955.748,0.3675,-0.1575,0.13125
-76.494,-348.798,965.386,0.07,-0.04375,0.1225
-91.988,-348.066,965.935,0.09625,0.1575,-0.07
-74.786,-351.421,968.985,-0.105,-0.28875,0.035
-67.161,-348.371,961.055,0.04375,0.035,-0.0175
-71.309,-345.565,960.506,0.16625,0.14875,-0.1225
-61.732,-341.722,954.894,0.32375,-0.1225,-0.14875
-70.455,-349.774,958.127,0.39375,0.0175,-0.09625
-77.043,-349.835,957.944,0.5425,-0.20125,0.21
-77.348,-351.36,961.482,0.595,-0.2975,0.385
-77.775,-349.53,967.216,0.67375,-0.14,0.3675
8.184,960.689,0.25375,-0.07,-0.37625
-64.294,-341.295,965.02,0.25375,-0.1925,-0.16625
-64.294,-348.188,955.748,0.3675,-0.1575,0.13125
-76.494,-348.798,965.386,0.07,-0.04375,0.1225
-91.988,-348.066,965.935,0.09625,0.1575,-0.07
-74.786,-351.421,968.985,-0.105,-0.28875,0.035
-67.161,-348.371,961.055,0.04375,0.035,-0.0175
-71.309,-345.565,960.506,0.16625,0.14875,-0.1225
-61.732,-341.722,954.894,0.32375,-0.1225,-0.14875
-70.455,-349.774,958.127,0.39375,0.0175,-0.09625
-77.043,-349.835,957.944,0.5425,-0.20125,0.21
-77.348,-351.36,961.482,0.595,-0.2975,0.385
-77.775,-349.53,967.216,0.67375,-0.14,0.3675
-71.675,-342.759,966.362,0.69125,-0.04375,0.18375
-67.588,-344.589,969.9,0.7,0.02625,-0.06125
-55.266,-363.56,960.689,0.875,-0.02625,-0.07875
-63.318,-356.423,955.626,1.21625,0.315,0.1575
-86.071,-362.279,958.615,1.8725,0.5775,0.20125
-60.024,-358.802,949.404,2.3275,-0.16625,0.56875
-84.424,-366.122,960.201,2.8525,0.875,-0.07875
-79.117,-352.946,956.724,3.49125,0.48125,-0.8925
-59.353,-350.506,977.891,4.2175,0.2625,-0.595
-87.84,-285.785,957.761,5.005,0.805,0.23625
-63.989,-371.368,986.858,2.61625,-0.09625,1.25125
-78.812,-347.151,935.069,4.40125,0.315,2.17875
-43.92,-383.507,947.94,4.75125,0.14,2.5725
-87.413,-405.162,1003.39,4.52375,0.7175,1.53125
-90.768,-340.624,925.98,6.85125,0.76125,0.88375
-23.18,-347.822,971.791,5.915,-0.0525,0.60375
-70.638,-331.535,925.492,7.1225,1.72375,-0.51625
-102.297,-298.961,994.3,5.69625,0.91875,-0.8925
-91.5,-299.876,972.645,4.9175,0.76125,-0.4725
-79.178,-320.616,964.532,3.395,0.455,-0.105
-70.15,-351.848,970.815,3.9725,0.3675,-0.02625
-71.858,-380.884,971.059,5.1275,0.49875,-0.48125
-69.296,-426.207,958.005,6.55375,1.18125,-1.085
-55.327,-370.941,947.391,10.29,1.365,-0.55125
20.557,-681.309,983.442,17.2988,1.91625,1.1375
20.008,-750.239,958.31,43.4613,9.695,4.96125
48.495,-765.062,885.11,66.255,19.2938,11.3575
-71.553,-772.016,946.049,84.6125,26.7138,18.0163
-132.37,266.692,856.623,107.161,25.5763,25.55
-207.461,1069.02,994.3,83.1338,22.5925,25.2
-596.702,-823.256,1130.33,-1.12,-2.5025,-1.21625
163.907,-317.383,780.983,39.025,-10.5788,22.3913
106.445,-744.566,1157.84,47.4775,-1.295,8.77625
-79.91,-660.203,818.925,91.525,10.9988,8.4875
-85.949,-873.154,1014.61,115.168,8.28625,12.915
191.906,-688.751,900.482,142.468,19.005,27.09
-156.16,-707.966,919.453,168.28,29.225,26.4863
